-- MySQL dump 10.13  Distrib 8.0.36, for Win64 (x86_64)
--
-- Host: localhost    Database: ooad
-- ------------------------------------------------------
-- Server version	8.0.36

/*!40101 SET @OLD_CHARACTER_SET_CLIENT=@@CHARACTER_SET_CLIENT */;
/*!40101 SET @OLD_CHARACTER_SET_RESULTS=@@CHARACTER_SET_RESULTS */;
/*!40101 SET @OLD_COLLATION_CONNECTION=@@COLLATION_CONNECTION */;
/*!50503 SET NAMES utf8mb4 */;
/*!40103 SET @OLD_TIME_ZONE=@@TIME_ZONE */;
/*!40103 SET TIME_ZONE='+00:00' */;
/*!40014 SET @OLD_UNIQUE_CHECKS=@@UNIQUE_CHECKS, UNIQUE_CHECKS=0 */;
/*!40014 SET @OLD_FOREIGN_KEY_CHECKS=@@FOREIGN_KEY_CHECKS, FOREIGN_KEY_CHECKS=0 */;
/*!40101 SET @OLD_SQL_MODE=@@SQL_MODE, SQL_MODE='NO_AUTO_VALUE_ON_ZERO' */;
/*!40111 SET @OLD_SQL_NOTES=@@SQL_NOTES, SQL_NOTES=0 */;

--
-- Table structure for table `admin`
--

DROP TABLE IF EXISTS `admin`;
/*!40101 SET @saved_cs_client     = @@character_set_client */;
/*!50503 SET character_set_client = utf8mb4 */;
CREATE TABLE `admin` (
  `id` int NOT NULL AUTO_INCREMENT,
  `first_name` varchar(255) NOT NULL,
  `last_name` varchar(255) NOT NULL,
  `admin_name` varchar(255) NOT NULL,
  `password` varchar(255) NOT NULL,
  `email` varchar(255) NOT NULL,
  `phone` varchar(255) DEFAULT NULL,
  `avatar_path` varchar(255) DEFAULT NULL,
  `createdAt` datetime NOT NULL,
  `updatedAt` datetime NOT NULL,
  `location_id` int DEFAULT NULL,
  `card_id` int DEFAULT NULL,
  PRIMARY KEY (`id`),
  KEY `location_id` (`location_id`),
  KEY `card_id` (`card_id`),
  CONSTRAINT `admin_ibfk_27` FOREIGN KEY (`location_id`) REFERENCES `location` (`id`) ON DELETE SET NULL ON UPDATE CASCADE,
  CONSTRAINT `admin_ibfk_28` FOREIGN KEY (`card_id`) REFERENCES `card` (`id`) ON DELETE SET NULL ON UPDATE CASCADE
) ENGINE=InnoDB AUTO_INCREMENT=2 DEFAULT CHARSET=utf8mb4 COLLATE=utf8mb4_0900_ai_ci;
/*!40101 SET character_set_client = @saved_cs_client */;

--
-- Dumping data for table `admin`
--

LOCK TABLES `admin` WRITE;
/*!40000 ALTER TABLE `admin` DISABLE KEYS */;
INSERT INTO `admin` VALUES (1,'Jessica','Anderson','test1','$2b$10$ZsdANjcf3F1KuD65rPU.F.xkZIlJbWsU6P7hqlwWeIM6Dykv4APMO','test1@gmail.com','001-570-800-1654','avatar_1.jpg','2024-04-10 06:51:42','2024-04-10 06:51:42',1,NULL);
/*!40000 ALTER TABLE `admin` ENABLE KEYS */;
UNLOCK TABLES;

--
-- Table structure for table `auction`
--

DROP TABLE IF EXISTS `auction`;
/*!40101 SET @saved_cs_client     = @@character_set_client */;
/*!50503 SET character_set_client = utf8mb4 */;
CREATE TABLE `auction` (
  `id` int NOT NULL AUTO_INCREMENT,
  `name` varchar(255) NOT NULL,
  `status` enum('private','public') NOT NULL DEFAULT 'public',
  `time_auction` datetime NOT NULL,
  `condition_coin` int NOT NULL,
  `description` text,
  `time_register` datetime NOT NULL,
  `is_delete` tinyint(1) NOT NULL DEFAULT '0',
  `createdAt` datetime NOT NULL,
  `updatedAt` datetime NOT NULL,
  `location_id` int DEFAULT NULL,
  `seller_id` int DEFAULT NULL,
  PRIMARY KEY (`id`),
  KEY `location_id` (`location_id`),
  KEY `seller_id` (`seller_id`),
  CONSTRAINT `auction_ibfk_75` FOREIGN KEY (`location_id`) REFERENCES `location` (`id`) ON DELETE SET NULL ON UPDATE CASCADE,
  CONSTRAINT `auction_ibfk_76` FOREIGN KEY (`seller_id`) REFERENCES `seller` (`id`) ON DELETE SET NULL ON UPDATE CASCADE
) ENGINE=InnoDB AUTO_INCREMENT=14 DEFAULT CHARSET=utf8mb4 COLLATE=utf8mb4_0900_ai_ci;
/*!40101 SET character_set_client = @saved_cs_client */;

--
-- Dumping data for table `auction`
--

LOCK TABLES `auction` WRITE;
/*!40000 ALTER TABLE `auction` DISABLE KEYS */;
INSERT INTO `auction` VALUES (1,'Hensley, Clark and Richardson','private','2024-02-06 22:39:31',20,'There whatever single push personal reduce. Age serve police certainly. Institution level impact meet rate civil marriage.','2020-05-26 20:03:23',0,'2024-04-17 07:49:09','2024-04-17 07:49:09',2,1),(2,'Morgan-White','private','2024-03-15 05:09:47',6,'Show role clearly expert might back without left. He time drop after forward look let light. Imagine certainly coach doctor. Maybe Mrs not available effect experience.','2022-02-22 11:39:45',0,'2024-04-17 07:49:09','2024-04-17 07:49:09',7,6),(3,'Norris-Holder','private','2024-03-19 02:50:20',26,'During situation economy successful. Still great way guess. Process ask bank opportunity wonder this may.\nImagine television until prove fear office. Group life off themselves.','2024-03-06 08:03:50',0,'2024-04-17 07:49:09','2024-04-17 07:49:09',4,2),(4,'Byrd, Henry and Rush','public','2024-04-30 07:54:08',15,'Bank name Republican friend. Phone conference miss or because energy.\nKid them future even. And can guy minute total trouble but. Must never compare.','2021-09-11 06:24:10',0,'2024-04-17 07:49:09','2024-04-17 07:49:09',8,7),(5,'Jackson, Mcdonald and Schultz','private','2024-02-03 13:54:11',52,'Serve deal scene glass compare rock guy. Thing name since member policy away house. Republican within believe form.','2021-03-30 01:28:20',0,'2024-04-17 07:49:09','2024-04-17 07:49:09',4,2),(6,'Goodwin Inc','public','2024-03-22 20:00:19',56,'Relationship expect western top. Race sea interesting television message. Professor management police discussion.\nSite base report alone through. Machine actually give fine seem themselves trade.','2023-11-26 04:13:57',0,'2024-04-17 07:49:09','2024-04-17 07:49:09',10,4),(7,'Todd Inc','public','2024-03-13 19:41:02',19,'Part herself medical total agency kid president his. Town add woman customer perhaps after animal.','2022-05-23 08:28:19',0,'2024-04-17 07:49:09','2024-04-17 07:49:09',5,8),(8,'Clark-Diaz','public','2024-02-13 18:07:42',89,'What agency return road. Officer personal central hope.\nWest because drive with. See while outside time either. Base guess key walk fear resource course.\nSite our play stand.','2022-03-19 07:43:09',0,'2024-04-17 07:49:09','2024-04-17 07:49:09',10,4),(9,'Gross-Mueller','private','2024-03-31 20:40:30',2,'Travel sort make above kind. Anyone gas why week environmental easy doctor. Glass since forward policy guess simply.','2022-11-27 06:52:24',0,'2024-04-17 07:49:09','2024-04-17 07:49:09',9,2),(10,'Clarke-Lopez','public','2024-04-17 22:04:30',69,'Accept school official finish worker many behavior. Hold shake growth hair left. Stock somebody record activity job meeting three. Above area see opportunity.','2021-12-27 14:04:19',1,'2024-04-17 07:49:09','2024-04-17 07:49:09',7,8),(13,'abc defg','public','2022-04-17 08:30:00',121,'abcba','2024-04-18 02:43:24',1,'2024-04-18 02:43:24','2024-04-22 13:47:22',NULL,1);
/*!40000 ALTER TABLE `auction` ENABLE KEYS */;
UNLOCK TABLES;

--
-- Table structure for table `auction_participant`
--

DROP TABLE IF EXISTS `auction_participant`;
/*!40101 SET @saved_cs_client     = @@character_set_client */;
/*!50503 SET character_set_client = utf8mb4 */;
CREATE TABLE `auction_participant` (
  `createdAt` datetime NOT NULL,
  `updatedAt` datetime NOT NULL,
  `auction_id` int NOT NULL,
  `user_id` int NOT NULL,
  PRIMARY KEY (`auction_id`,`user_id`),
  KEY `fk_user_auction_participant` (`user_id`),
  CONSTRAINT `fk_auction_auction_participant` FOREIGN KEY (`auction_id`) REFERENCES `auction` (`id`),
  CONSTRAINT `fk_user_auction_participant` FOREIGN KEY (`user_id`) REFERENCES `user` (`id`)
) ENGINE=InnoDB DEFAULT CHARSET=utf8mb4 COLLATE=utf8mb4_0900_ai_ci;
/*!40101 SET character_set_client = @saved_cs_client */;

--
-- Dumping data for table `auction_participant`
--

LOCK TABLES `auction_participant` WRITE;
/*!40000 ALTER TABLE `auction_participant` DISABLE KEYS */;
INSERT INTO `auction_participant` VALUES ('2024-04-18 02:43:24','2024-04-18 02:43:24',13,1),('2024-04-18 02:43:24','2024-04-18 02:43:24',13,3);
/*!40000 ALTER TABLE `auction_participant` ENABLE KEYS */;
UNLOCK TABLES;

--
-- Table structure for table `bid_history`
--

DROP TABLE IF EXISTS `bid_history`;
/*!40101 SET @saved_cs_client     = @@character_set_client */;
/*!50503 SET character_set_client = utf8mb4 */;
CREATE TABLE `bid_history` (
  `id` int NOT NULL AUTO_INCREMENT,
  `description` text,
  `amount` double DEFAULT '0',
  `createdAt` datetime NOT NULL,
  `updatedAt` datetime NOT NULL,
  `product_id` int DEFAULT NULL,
  `user_id` int DEFAULT NULL,
  `winner_id` int DEFAULT NULL,
  PRIMARY KEY (`id`),
  KEY `product_id` (`product_id`),
  KEY `user_id` (`user_id`),
  CONSTRAINT `bid_history_ibfk_78` FOREIGN KEY (`product_id`) REFERENCES `product` (`id`) ON DELETE SET NULL ON UPDATE CASCADE,
  CONSTRAINT `bid_history_ibfk_79` FOREIGN KEY (`user_id`) REFERENCES `user` (`id`) ON DELETE SET NULL ON UPDATE CASCADE
) ENGINE=InnoDB AUTO_INCREMENT=54 DEFAULT CHARSET=utf8mb4 COLLATE=utf8mb4_0900_ai_ci;
/*!40101 SET character_set_client = @saved_cs_client */;

--
-- Dumping data for table `bid_history`
--

LOCK TABLES `bid_history` WRITE;
/*!40000 ALTER TABLE `bid_history` DISABLE KEYS */;
INSERT INTO `bid_history` VALUES (1,'First bid',100,'2024-04-18 05:25:02','2024-04-18 05:25:02',2,1,NULL),(2,'Second bid',100,'2024-04-18 05:25:02','2024-04-18 05:25:02',2,2,NULL),(3,'Third bid',110,'2024-04-18 05:25:02','2024-04-18 05:25:02',2,3,NULL),(4,'Fourth bid',115,'2024-04-18 05:25:02','2024-04-18 05:25:02',2,4,NULL),(5,'Fifth bid',120,'2024-04-18 05:25:02','2024-04-18 05:25:02',2,5,NULL),(6,'Sixth bid',125,'2024-04-18 05:25:02','2024-04-18 05:25:02',2,6,NULL),(7,'Seventh bid',130,'2024-04-18 05:25:02','2024-04-18 05:25:02',2,7,NULL),(8,'Eighth bid',135,'2024-04-18 05:25:02','2024-04-18 05:25:02',2,8,NULL),(9,'Ninth bid',140,'2024-04-18 05:25:02','2024-04-18 05:25:02',2,9,NULL),(10,'Tenth bid',145,'2024-04-18 05:25:02','2024-04-18 05:25:02',2,10,NULL),(11,NULL,0,'2024-04-17 22:54:51','2024-04-17 22:54:51',4,1,NULL),(12,NULL,1,'2024-04-17 22:57:15','2024-04-17 22:57:15',4,1,NULL),(29,NULL,1,'2024-04-23 00:17:26','2024-04-23 00:17:26',3,1,NULL),(30,NULL,2,'2024-04-23 00:17:47','2024-04-23 00:17:47',3,1,NULL),(37,NULL,3,'2024-04-23 00:25:05','2024-04-23 00:25:05',3,1,NULL),(38,NULL,3,'2024-04-23 00:27:55','2024-04-23 00:27:55',3,1,NULL),(39,NULL,4,'2024-04-23 00:28:13','2024-04-23 00:28:13',3,1,NULL),(40,NULL,1,'2024-04-23 00:28:16','2024-04-23 00:28:16',3,1,NULL),(41,NULL,1,'2024-04-23 00:28:21','2024-04-23 00:28:21',3,1,NULL),(42,NULL,1,'2024-04-23 00:28:37','2024-04-23 00:28:37',3,1,NULL),(43,NULL,1,'2024-04-23 00:32:31','2024-04-23 00:32:31',3,1,NULL),(44,NULL,1,'2024-04-23 00:32:37','2024-04-23 00:32:37',3,1,NULL),(45,NULL,1,'2024-04-23 00:32:39','2024-04-23 00:32:39',3,1,NULL),(46,NULL,2,'2024-04-23 00:33:00','2024-04-23 00:33:00',3,1,NULL),(47,NULL,1,'2024-04-23 00:33:05','2024-04-23 00:33:05',3,1,NULL),(48,NULL,2,'2024-04-23 00:33:57','2024-04-23 00:33:57',4,1,NULL),(49,NULL,3,'2024-04-23 00:34:05','2024-04-23 00:34:05',4,1,NULL),(50,NULL,4,'2024-04-23 00:34:09','2024-04-23 00:34:09',4,1,NULL),(51,NULL,1,'2024-04-23 00:34:18','2024-04-23 00:34:18',14,1,NULL),(52,NULL,2,'2024-04-23 00:34:52','2024-04-23 00:34:52',3,1,NULL),(53,NULL,3,'2024-04-23 00:35:00','2024-04-23 00:35:00',3,1,NULL);
/*!40000 ALTER TABLE `bid_history` ENABLE KEYS */;
UNLOCK TABLES;

--
-- Table structure for table `card`
--

DROP TABLE IF EXISTS `card`;
/*!40101 SET @saved_cs_client     = @@character_set_client */;
/*!50503 SET character_set_client = utf8mb4 */;
CREATE TABLE `card` (
  `id` int NOT NULL,
  `name` varchar(255) NOT NULL,
  `expiry` varchar(255) DEFAULT NULL,
  `CVN` varchar(255) DEFAULT NULL,
  `createdAt` datetime NOT NULL,
  `updatedAt` datetime NOT NULL,
  `user_id` int DEFAULT NULL,
  `admin_id` int DEFAULT NULL,
  `seller_id` int DEFAULT NULL,
  PRIMARY KEY (`id`),
  KEY `user_id` (`user_id`),
  KEY `admin_id` (`admin_id`),
  KEY `seller_id` (`seller_id`),
  CONSTRAINT `card_ibfk_106` FOREIGN KEY (`user_id`) REFERENCES `user` (`id`) ON DELETE SET NULL ON UPDATE CASCADE,
  CONSTRAINT `card_ibfk_107` FOREIGN KEY (`admin_id`) REFERENCES `admin` (`id`) ON DELETE SET NULL ON UPDATE CASCADE,
  CONSTRAINT `card_ibfk_108` FOREIGN KEY (`seller_id`) REFERENCES `seller` (`id`) ON DELETE SET NULL ON UPDATE CASCADE
) ENGINE=InnoDB DEFAULT CHARSET=utf8mb4 COLLATE=utf8mb4_0900_ai_ci;
/*!40101 SET character_set_client = @saved_cs_client */;

--
-- Dumping data for table `card`
--

LOCK TABLES `card` WRITE;
/*!40000 ALTER TABLE `card` DISABLE KEYS */;
/*!40000 ALTER TABLE `card` ENABLE KEYS */;
UNLOCK TABLES;

--
-- Table structure for table `category`
--

DROP TABLE IF EXISTS `category`;
/*!40101 SET @saved_cs_client     = @@character_set_client */;
/*!50503 SET character_set_client = utf8mb4 */;
CREATE TABLE `category` (
  `id` int NOT NULL AUTO_INCREMENT,
  `title` varchar(255) NOT NULL,
  `image_path` varchar(255) DEFAULT NULL,
  `description` text,
  `createdAt` datetime NOT NULL,
  `updatedAt` datetime NOT NULL,
  PRIMARY KEY (`id`)
) ENGINE=InnoDB AUTO_INCREMENT=19 DEFAULT CHARSET=utf8mb4 COLLATE=utf8mb4_0900_ai_ci;
/*!40101 SET character_set_client = @saved_cs_client */;

--
-- Dumping data for table `category`
--

LOCK TABLES `category` WRITE;
/*!40000 ALTER TABLE `category` DISABLE KEYS */;
INSERT INTO `category` VALUES (1,'Art','https://p1.liveauctioneers.com/4241/324307/174706593_1_x.jpg?height=184&quality=70','','2024-04-10 06:51:42','2024-04-10 06:51:42'),(2,'Jewelry','https://p1.liveauctioneers.com/5584/324161/174456830_1_x.jpg?height=184&quality=70','','2024-04-10 06:51:42','2024-04-10 06:51:42'),(3,'Asian Antiques','https://p1.liveauctioneers.com/1103/325438/175163950_1_x.jpg?height=184&quality=70','','2024-04-10 06:51:42','2024-04-10 06:51:42'),(4,'Furniture','https://p1.liveauctioneers.com/5584/323453/174052029_1_x.jpg?height=184&quality=70','','2024-04-10 06:51:42','2024-04-10 06:51:42'),(5,'Collectibles','https://p1.liveauctioneers.com/5584/324034/174410774_1_x.jpg?height=184&quality=70','','2024-04-10 06:51:42','2024-04-10 06:51:42'),(6,'Coins','https://p1.liveauctioneers.com/8741/321132/172851477_1_x.jpg?height=184&quality=70','','2024-04-10 06:51:42','2024-04-10 06:51:42'),(7,'Home & Decor','https://p1.liveauctioneers.com/7787/320512/173182116_1_x.jpg?height=184&quality=70','','2024-04-10 06:51:42','2024-04-10 06:51:42'),(8,'Fashion','https://p1.liveauctioneers.com/8741/321132/172577609_1_x.jpg?height=184&quality=70','','2024-04-10 06:51:42','2024-04-10 06:51:42'),(9,'Drawings','https://p1.liveauctioneers.com/5584/325354/175094612_1_x.jpg?height=310&quality=70&version=1712691417','','2024-04-14 00:58:01','2024-04-14 00:58:01'),(10,'Mixed Media & Collages','https://p1.liveauctioneers.com/191/324527/174660532_1_x.jpg?height=310&quality=70&version=1711738391','','2024-04-10 06:51:42','2024-04-10 06:51:42'),(11,'Paintings','https://p1.liveauctioneers.com/5934/319136/171416342_1_x.jpg?height=310&quality=70&version=1707464884','','2024-04-10 06:51:42','2024-04-10 06:51:42'),(12,'Photography','https://p1.liveauctioneers.com/5584/325126/175010534_1_x.jpg?height=310&quality=70&version=1712691367','','2024-04-10 06:51:42','2024-04-10 06:51:42'),(13,'Prints & Multiples','https://p1.liveauctioneers.com/5790/325537/175244029_1_x.jpg?height=310&quality=70&version=1712544883','','2024-04-10 06:51:42','2024-04-10 06:51:42'),(14,'Scrolls, Screens & Fan Paintings','https://p1.liveauctioneers.com/3713/324807/175216460_1_x.jpg?height=310&quality=70&version=1712511670','','2024-04-10 06:51:42','2024-04-10 06:51:42'),(15,'tesst','http://res.cloudinary.com/dawdkcj51/image/upload/v1713607311/category/msxp5qixvasa1mln0kdq.jpg',NULL,'2024-04-20 10:01:51','2024-04-20 10:01:51'),(16,'abcdef','http://res.cloudinary.com/dawdkcj51/image/upload/v1713607432/category/edqapbjobmnyqwqhbyps.png',NULL,'2024-04-20 10:03:52','2024-04-20 10:03:52'),(17,'tes','http://res.cloudinary.com/dawdkcj51/image/upload/v1713607491/category/fuw1qabzb9tg30gfgzfq.png',NULL,'2024-04-20 10:04:51','2024-04-20 10:04:51'),(18,'aaaa','http://res.cloudinary.com/dawdkcj51/image/upload/v1713824843/category/ujadipdqnkakyfdlwf7y.png',NULL,'2024-04-22 22:27:23','2024-04-22 22:27:23');
/*!40000 ALTER TABLE `category` ENABLE KEYS */;
UNLOCK TABLES;

--
-- Table structure for table `category_product`
--

DROP TABLE IF EXISTS `category_product`;
/*!40101 SET @saved_cs_client     = @@character_set_client */;
/*!50503 SET character_set_client = utf8mb4 */;
CREATE TABLE `category_product` (
  `createdAt` datetime NOT NULL,
  `updatedAt` datetime NOT NULL,
  `product_id` int NOT NULL,
  `category_id` int NOT NULL,
  PRIMARY KEY (`product_id`,`category_id`),
  KEY `fk_category_category_product` (`category_id`),
  CONSTRAINT `fk_category_category_product` FOREIGN KEY (`category_id`) REFERENCES `category` (`id`)
) ENGINE=InnoDB DEFAULT CHARSET=utf8mb4 COLLATE=utf8mb4_0900_ai_ci;
/*!40101 SET character_set_client = @saved_cs_client */;

--
-- Dumping data for table `category_product`
--

LOCK TABLES `category_product` WRITE;
/*!40000 ALTER TABLE `category_product` DISABLE KEYS */;
INSERT INTO `category_product` VALUES ('2024-04-17 07:49:09','2024-04-17 07:49:09',1,1),('2024-04-17 07:49:09','2024-04-17 07:49:09',2,1),('2024-04-17 07:49:09','2024-04-17 07:49:09',3,1),('2024-04-17 07:49:09','2024-04-17 07:49:09',4,1),('2024-04-17 07:49:09','2024-04-17 07:49:09',5,1),('2024-04-17 07:49:09','2024-04-17 07:49:09',6,1),('2024-04-17 07:49:09','2024-04-17 07:49:09',7,1),('2024-04-17 07:49:09','2024-04-17 07:49:09',8,1),('2024-04-17 07:49:09','2024-04-17 07:49:09',9,1),('2024-04-17 07:49:09','2024-04-17 07:49:09',10,1),('2024-04-17 07:49:09','2024-04-17 07:49:09',11,2),('2024-04-17 07:49:09','2024-04-17 07:49:09',12,2),('2024-04-17 07:49:09','2024-04-17 07:49:09',13,2),('2024-04-17 07:49:09','2024-04-17 07:49:09',14,2),('2024-04-17 07:49:09','2024-04-17 07:49:09',15,2),('2024-04-17 07:49:09','2024-04-17 07:49:09',16,3),('2024-04-17 07:49:09','2024-04-17 07:49:09',17,3),('2024-04-17 07:49:09','2024-04-17 07:49:09',18,3),('2024-04-17 07:49:09','2024-04-17 07:49:09',19,3),('2024-04-17 07:49:09','2024-04-17 07:49:09',20,3),('2024-04-17 07:49:09','2024-04-17 07:49:09',21,2),('2024-04-17 07:49:09','2024-04-17 07:49:09',22,2),('2024-04-17 07:49:09','2024-04-17 07:49:09',23,2),('2024-04-17 07:49:09','2024-04-17 07:49:09',24,2),('2024-04-17 07:49:09','2024-04-17 07:49:09',25,4),('2024-04-17 07:49:09','2024-04-17 07:49:09',26,4),('2024-04-22 23:30:30','2024-04-22 23:30:30',27,3),('2024-04-17 07:49:09','2024-04-17 07:49:09',27,4),('2024-04-22 23:30:30','2024-04-22 23:30:30',27,5),('2024-04-17 07:49:09','2024-04-17 07:49:09',28,4),('2024-04-17 07:49:09','2024-04-17 07:49:09',29,4),('2024-04-17 07:49:09','2024-04-17 07:49:09',30,4),('2024-04-17 07:49:09','2024-04-17 07:49:09',31,4),('2024-04-17 07:49:09','2024-04-17 07:49:09',32,4),('2024-04-17 07:49:09','2024-04-17 07:49:09',33,5),('2024-04-17 07:49:09','2024-04-17 07:49:09',34,5),('2024-04-17 07:49:09','2024-04-17 07:49:09',35,5),('2024-04-17 07:49:09','2024-04-17 07:49:09',36,5),('2024-04-17 07:49:09','2024-04-17 07:49:09',37,5),('2024-04-17 07:49:09','2024-04-17 07:49:09',38,5),('2024-04-17 07:49:09','2024-04-17 07:49:09',39,5),('2024-04-17 07:49:09','2024-04-17 07:49:09',40,5),('2024-04-17 07:49:09','2024-04-17 07:49:09',41,5),('2024-04-17 07:49:09','2024-04-17 07:49:09',42,6),('2024-04-17 07:49:09','2024-04-17 07:49:09',43,6),('2024-04-17 07:49:09','2024-04-17 07:49:09',44,6),('2024-04-17 07:49:09','2024-04-17 07:49:09',45,6),('2024-04-17 07:49:09','2024-04-17 07:49:09',46,6),('2024-04-17 07:49:09','2024-04-17 07:49:09',47,6),('2024-04-17 07:49:09','2024-04-17 07:49:09',48,6),('2024-04-17 07:49:09','2024-04-17 07:49:09',49,6),('2024-04-17 07:49:09','2024-04-17 07:49:09',50,6),('2024-04-17 07:49:09','2024-04-17 07:49:09',51,6),('2024-04-17 07:49:09','2024-04-17 07:49:09',52,7),('2024-04-17 07:49:09','2024-04-17 07:49:09',53,7),('2024-04-17 07:49:09','2024-04-17 07:49:09',54,7),('2024-04-17 07:49:09','2024-04-17 07:49:09',55,7),('2024-04-17 07:49:09','2024-04-17 07:49:09',56,7),('2024-04-17 07:49:09','2024-04-17 07:49:09',57,7),('2024-04-17 07:49:09','2024-04-17 07:49:09',58,7),('2024-04-17 07:49:09','2024-04-17 07:49:09',59,7),('2024-04-17 07:49:09','2024-04-17 07:49:09',60,7),('2024-04-17 07:49:09','2024-04-17 07:49:09',61,7),('2024-04-17 07:49:09','2024-04-17 07:49:09',62,8),('2024-04-17 07:49:09','2024-04-17 07:49:09',63,8),('2024-04-17 07:49:09','2024-04-17 07:49:09',64,8),('2024-04-17 07:49:09','2024-04-17 07:49:09',65,8),('2024-04-17 07:49:09','2024-04-17 07:49:09',66,8),('2024-04-17 07:49:09','2024-04-17 07:49:09',67,8),('2024-04-17 07:49:09','2024-04-17 07:49:09',68,8),('2024-04-17 07:49:09','2024-04-17 07:49:09',69,8),('2024-04-17 07:49:09','2024-04-17 07:49:09',70,8),('2024-04-17 07:49:09','2024-04-17 07:49:09',71,8);
/*!40000 ALTER TABLE `category_product` ENABLE KEYS */;
UNLOCK TABLES;

--
-- Table structure for table `coin_history`
--

DROP TABLE IF EXISTS `coin_history`;
/*!40101 SET @saved_cs_client     = @@character_set_client */;
/*!50503 SET character_set_client = utf8mb4 */;
CREATE TABLE `coin_history` (
  `id` int NOT NULL AUTO_INCREMENT,
  `description` text NOT NULL,
  `amount` double DEFAULT '0',
  `type` enum('buy','deposit','sell','withdraw') NOT NULL DEFAULT 'buy',
  `createdAt` datetime NOT NULL,
  `updatedAt` datetime NOT NULL,
  `user_id` int DEFAULT NULL,
  PRIMARY KEY (`id`),
  KEY `user_id` (`user_id`),
  CONSTRAINT `coin_history_ibfk_1` FOREIGN KEY (`user_id`) REFERENCES `user` (`id`) ON DELETE SET NULL ON UPDATE CASCADE
) ENGINE=InnoDB DEFAULT CHARSET=utf8mb4 COLLATE=utf8mb4_0900_ai_ci;
/*!40101 SET character_set_client = @saved_cs_client */;

--
-- Dumping data for table `coin_history`
--

LOCK TABLES `coin_history` WRITE;
/*!40000 ALTER TABLE `coin_history` DISABLE KEYS */;
/*!40000 ALTER TABLE `coin_history` ENABLE KEYS */;
UNLOCK TABLES;

--
-- Table structure for table `image`
--

DROP TABLE IF EXISTS `image`;
/*!40101 SET @saved_cs_client     = @@character_set_client */;
/*!50503 SET character_set_client = utf8mb4 */;
CREATE TABLE `image` (
  `id` int NOT NULL AUTO_INCREMENT,
  `path` varchar(255) NOT NULL,
  `url` varchar(255) NOT NULL,
  `createdAt` datetime NOT NULL,
  `updatedAt` datetime NOT NULL,
  `product_id` int DEFAULT NULL,
  PRIMARY KEY (`id`),
  KEY `product_id` (`product_id`),
  CONSTRAINT `image_ibfk_1` FOREIGN KEY (`product_id`) REFERENCES `product` (`id`) ON DELETE SET NULL ON UPDATE CASCADE
) ENGINE=InnoDB AUTO_INCREMENT=599 DEFAULT CHARSET=utf8mb4 COLLATE=utf8mb4_0900_ai_ci;
/*!40101 SET character_set_client = @saved_cs_client */;

--
-- Dumping data for table `image`
--

LOCK TABLES `image` WRITE;
/*!40000 ALTER TABLE `image` DISABLE KEYS */;
INSERT INTO `image` VALUES (1,'media/products/173059790_1_x.jpg','https://p1.liveauctioneers.com/6201/319242/173059790_1_x.jpg?&quality=80&version=1710873605','2024-04-17 07:49:09','2024-04-17 07:49:09',NULL),(2,'media/products/173059790_2_x.jpg','https://p1.liveauctioneers.com/6201/319242/173059790_2_x.jpg?&quality=80&version=1710873605','2024-04-17 07:49:09','2024-04-17 07:49:09',NULL),(3,'media/products/173059790_3_x.jpg','https://p1.liveauctioneers.com/6201/319242/173059790_3_x.jpg?&quality=80&version=1710873605','2024-04-17 07:49:09','2024-04-17 07:49:09',NULL),(4,'media/products/173059790_4_x.jpg','https://p1.liveauctioneers.com/6201/319242/173059790_4_x.jpg?&quality=80&version=1710873605','2024-04-17 07:49:09','2024-04-17 07:49:09',NULL),(5,'media/products/171838130_1_x.jpg','https://p1.liveauctioneers.com/6201/319242/171838130_1_x.jpg?&quality=80&version=1710873605','2024-04-17 07:49:09','2024-04-17 07:49:09',2),(6,'media/products/171838130_2_x.jpg','https://p1.liveauctioneers.com/6201/319242/171838130_2_x.jpg?&quality=80&version=1710873605','2024-04-17 07:49:09','2024-04-17 07:49:09',2),(7,'media/products/171838130_3_x.jpg','https://p1.liveauctioneers.com/6201/319242/171838130_3_x.jpg?&quality=80&version=1710873605','2024-04-17 07:49:09','2024-04-17 07:49:09',2),(8,'media/products/171527128_1_x.jpg','https://p1.liveauctioneers.com/6201/319242/171527128_1_x.jpg?&quality=80&version=1710873605','2024-04-17 07:49:09','2024-04-17 07:49:09',3),(9,'media/products/171527128_2_x.jpg','https://p1.liveauctioneers.com/6201/319242/171527128_2_x.jpg?&quality=80&version=1710873605','2024-04-17 07:49:09','2024-04-17 07:49:09',3),(10,'media/products/171527128_3_x.jpg','https://p1.liveauctioneers.com/6201/319242/171527128_3_x.jpg?&quality=80&version=1710873605','2024-04-17 07:49:09','2024-04-17 07:49:09',3),(11,'media/products/171527128_4_x.jpg','https://p1.liveauctioneers.com/6201/319242/171527128_4_x.jpg?&quality=80&version=1710873605','2024-04-17 07:49:09','2024-04-17 07:49:09',3),(12,'media/products/171527128_5_x.jpg','https://p1.liveauctioneers.com/6201/319242/171527128_5_x.jpg?&quality=80&version=1710873605','2024-04-17 07:49:09','2024-04-17 07:49:09',3),(13,'media/products/173556346_1_x.jpg','https://p1.liveauctioneers.com/4247/322576/173556346_1_x.jpg?&quality=80&version=1710377290','2024-04-17 07:49:09','2024-04-17 07:49:09',4),(14,'media/products/173556346_2_x.jpg','https://p1.liveauctioneers.com/4247/322576/173556346_2_x.jpg?&quality=80&version=1710377290','2024-04-17 07:49:09','2024-04-17 07:49:09',4),(15,'media/products/173556346_3_x.jpg','https://p1.liveauctioneers.com/4247/322576/173556346_3_x.jpg?&quality=80&version=1710377290','2024-04-17 07:49:09','2024-04-17 07:49:09',4),(16,'media/products/173556346_4_x.jpg','https://p1.liveauctioneers.com/4247/322576/173556346_4_x.jpg?&quality=80&version=1710377290','2024-04-17 07:49:09','2024-04-17 07:49:09',4),(17,'media/products/173556346_5_x.jpg','https://p1.liveauctioneers.com/4247/322576/173556346_5_x.jpg?&quality=80&version=1710377290','2024-04-17 07:49:09','2024-04-17 07:49:09',4),(18,'media/products/173556346_6_x.jpg','https://p1.liveauctioneers.com/4247/322576/173556346_6_x.jpg?&quality=80&version=1710377290','2024-04-17 07:49:09','2024-04-17 07:49:09',4),(19,'media/products/173556346_7_x.jpg','https://p1.liveauctioneers.com/4247/322576/173556346_7_x.jpg?&quality=80&version=1710377290','2024-04-17 07:49:09','2024-04-17 07:49:09',4),(20,'media/products/173556346_8_x.jpg','https://p1.liveauctioneers.com/4247/322576/173556346_8_x.jpg?&quality=80&version=1710377290','2024-04-17 07:49:09','2024-04-17 07:49:09',4),(21,'media/products/173556346_9_x.jpg','https://p1.liveauctioneers.com/4247/322576/173556346_9_x.jpg?&quality=80&version=1710377290','2024-04-17 07:49:09','2024-04-17 07:49:09',4),(22,'media/products/173556346_10_x.jpg','https://p1.liveauctioneers.com/4247/322576/173556346_10_x.jpg?&quality=80&version=1710377290','2024-04-17 07:49:09','2024-04-17 07:49:09',4),(23,'media/products/173556346_11_x.jpg','https://p1.liveauctioneers.com/4247/322576/173556346_11_x.jpg?&quality=80&version=1710377290','2024-04-17 07:49:09','2024-04-17 07:49:09',4),(24,'media/products/173556346_12_x.jpg','https://p1.liveauctioneers.com/4247/322576/173556346_12_x.jpg?&quality=80&version=1710377290','2024-04-17 07:49:09','2024-04-17 07:49:09',4),(25,'media/products/173556346_13_x.jpg','https://p1.liveauctioneers.com/4247/322576/173556346_13_x.jpg?&quality=80&version=1710377290','2024-04-17 07:49:09','2024-04-17 07:49:09',4),(26,'media/products/174209124_1_x.jpg','https://p1.liveauctioneers.com/1373/323691/174209124_1_x.jpg?&quality=80&version=1711070180','2024-04-17 07:49:09','2024-04-17 07:49:09',5),(27,'media/products/174209124_2_x.jpg','https://p1.liveauctioneers.com/1373/323691/174209124_2_x.jpg?&quality=80&version=1711070180','2024-04-17 07:49:09','2024-04-17 07:49:09',5),(28,'media/products/174209124_3_x.jpg','https://p1.liveauctioneers.com/1373/323691/174209124_3_x.jpg?&quality=80&version=1711070180','2024-04-17 07:49:09','2024-04-17 07:49:09',5),(29,'media/products/174209124_4_x.jpg','https://p1.liveauctioneers.com/1373/323691/174209124_4_x.jpg?&quality=80&version=1711070180','2024-04-17 07:49:09','2024-04-17 07:49:09',5),(30,'media/products/174209124_5_x.jpg','https://p1.liveauctioneers.com/1373/323691/174209124_5_x.jpg?&quality=80&version=1711070180','2024-04-17 07:49:09','2024-04-17 07:49:09',5),(31,'media/products/174209124_6_x.jpg','https://p1.liveauctioneers.com/1373/323691/174209124_6_x.jpg?&quality=80&version=1711070180','2024-04-17 07:49:09','2024-04-17 07:49:09',5),(32,'media/products/174209124_7_x.jpg','https://p1.liveauctioneers.com/1373/323691/174209124_7_x.jpg?&quality=80&version=1711070180','2024-04-17 07:49:09','2024-04-17 07:49:09',5),(33,'media/products/174209124_8_x.jpg','https://p1.liveauctioneers.com/1373/323691/174209124_8_x.jpg?&quality=80&version=1711070180','2024-04-17 07:49:09','2024-04-17 07:49:09',5),(34,'media/products/174209124_9_x.jpg','https://p1.liveauctioneers.com/1373/323691/174209124_9_x.jpg?&quality=80&version=1711070180','2024-04-17 07:49:09','2024-04-17 07:49:09',5),(35,'media/products/174209124_10_x.jpg','https://p1.liveauctioneers.com/1373/323691/174209124_10_x.jpg?&quality=80&version=1711070180','2024-04-17 07:49:09','2024-04-17 07:49:09',5),(36,'media/products/173857438_1_x.jpg','https://p1.liveauctioneers.com/1459/323293/173857438_1_x.jpg?&quality=80&version=1710867481','2024-04-17 07:49:09','2024-04-17 07:49:09',6),(37,'media/products/173857438_2_x.jpg','https://p1.liveauctioneers.com/1459/323293/173857438_2_x.jpg?&quality=80&version=1710867481','2024-04-17 07:49:09','2024-04-17 07:49:09',6),(38,'media/products/173857438_3_x.jpg','https://p1.liveauctioneers.com/1459/323293/173857438_3_x.jpg?&quality=80&version=1710867481','2024-04-17 07:49:09','2024-04-17 07:49:09',6),(39,'media/products/173857438_4_x.jpg','https://p1.liveauctioneers.com/1459/323293/173857438_4_x.jpg?&quality=80&version=1710867481','2024-04-17 07:49:09','2024-04-17 07:49:09',6),(40,'media/products/174384382_1_x.jpg','https://p1.liveauctioneers.com/1221/322565/174384382_1_x.jpg?&quality=80&version=1711386439','2024-04-17 07:49:09','2024-04-17 07:49:09',7),(41,'media/products/174384382_2_x.jpg','https://p1.liveauctioneers.com/1221/322565/174384382_2_x.jpg?&quality=80&version=1711386439','2024-04-17 07:49:09','2024-04-17 07:49:09',7),(42,'media/products/174384382_3_x.jpg','https://p1.liveauctioneers.com/1221/322565/174384382_3_x.jpg?&quality=80&version=1711386439','2024-04-17 07:49:09','2024-04-17 07:49:09',7),(43,'media/products/174384382_4_x.jpg','https://p1.liveauctioneers.com/1221/322565/174384382_4_x.jpg?&quality=80&version=1711386439','2024-04-17 07:49:09','2024-04-17 07:49:09',7),(44,'media/products/174384382_5_x.jpg','https://p1.liveauctioneers.com/1221/322565/174384382_5_x.jpg?&quality=80&version=1711386439','2024-04-17 07:49:09','2024-04-17 07:49:09',7),(45,'media/products/174384382_6_x.jpg','https://p1.liveauctioneers.com/1221/322565/174384382_6_x.jpg?&quality=80&version=1711386439','2024-04-17 07:49:09','2024-04-17 07:49:09',7),(46,'media/products/174384382_7_x.jpg','https://p1.liveauctioneers.com/1221/322565/174384382_7_x.jpg?&quality=80&version=1711386439','2024-04-17 07:49:09','2024-04-17 07:49:09',7),(47,'media/products/174384382_8_x.jpg','https://p1.liveauctioneers.com/1221/322565/174384382_8_x.jpg?&quality=80&version=1711386439','2024-04-17 07:49:09','2024-04-17 07:49:09',7),(48,'media/products/174240345_1_x.jpg','https://p1.liveauctioneers.com/1221/322565/174240345_1_x.jpg?&quality=80&version=1711139513','2024-04-17 07:49:09','2024-04-17 07:49:09',8),(49,'media/products/174240345_2_x.jpg','https://p1.liveauctioneers.com/1221/322565/174240345_2_x.jpg?&quality=80&version=1711139513','2024-04-17 07:49:09','2024-04-17 07:49:09',8),(50,'media/products/174240345_3_x.jpg','https://p1.liveauctioneers.com/1221/322565/174240345_3_x.jpg?&quality=80&version=1711139513','2024-04-17 07:49:09','2024-04-17 07:49:09',8),(51,'media/products/174240345_4_x.jpg','https://p1.liveauctioneers.com/1221/322565/174240345_4_x.jpg?&quality=80&version=1711139513','2024-04-17 07:49:09','2024-04-17 07:49:09',8),(52,'media/products/174240345_5_x.jpg','https://p1.liveauctioneers.com/1221/322565/174240345_5_x.jpg?&quality=80&version=1711139513','2024-04-17 07:49:09','2024-04-17 07:49:09',8),(53,'media/products/174240345_6_x.jpg','https://p1.liveauctioneers.com/1221/322565/174240345_6_x.jpg?&quality=80&version=1711139513','2024-04-17 07:49:09','2024-04-17 07:49:09',8),(54,'media/products/174240345_7_x.jpg','https://p1.liveauctioneers.com/1221/322565/174240345_7_x.jpg?&quality=80&version=1711139513','2024-04-17 07:49:09','2024-04-17 07:49:09',8),(55,'media/products/174240345_8_x.jpg','https://p1.liveauctioneers.com/1221/322565/174240345_8_x.jpg?&quality=80&version=1711139513','2024-04-17 07:49:09','2024-04-17 07:49:09',8),(56,'media/products/174240345_9_x.jpg','https://p1.liveauctioneers.com/1221/322565/174240345_9_x.jpg?&quality=80&version=1711139513','2024-04-17 07:49:09','2024-04-17 07:49:09',8),(57,'media/products/174240345_10_x.jpg','https://p1.liveauctioneers.com/1221/322565/174240345_10_x.jpg?&quality=80&version=1711139513','2024-04-17 07:49:09','2024-04-17 07:49:09',8),(58,'media/products/174240345_11_x.jpg','https://p1.liveauctioneers.com/1221/322565/174240345_11_x.jpg?&quality=80&version=1711139513','2024-04-17 07:49:09','2024-04-17 07:49:09',8),(59,'media/products/174240345_12_x.jpg','https://p1.liveauctioneers.com/1221/322565/174240345_12_x.jpg?&quality=80&version=1711139513','2024-04-17 07:49:09','2024-04-17 07:49:09',8),(60,'media/products/174240345_13_x.jpg','https://p1.liveauctioneers.com/1221/322565/174240345_13_x.jpg?&quality=80&version=1711139513','2024-04-17 07:49:09','2024-04-17 07:49:09',8),(61,'media/products/174600335_1_x.jpg','https://p1.liveauctioneers.com/1013/324370/174600335_1_x.jpg?&quality=80&version=1711661660','2024-04-17 07:49:09','2024-04-17 07:49:09',9),(62,'media/products/174600335_2_x.jpg','https://p1.liveauctioneers.com/1013/324370/174600335_2_x.jpg?&quality=80&version=1711661660','2024-04-17 07:49:09','2024-04-17 07:49:09',9),(63,'media/products/174600335_3_x.jpg','https://p1.liveauctioneers.com/1013/324370/174600335_3_x.jpg?&quality=80&version=1711661660','2024-04-17 07:49:09','2024-04-17 07:49:09',9),(64,'media/products/174600335_4_x.jpg','https://p1.liveauctioneers.com/1013/324370/174600335_4_x.jpg?&quality=80&version=1711661660','2024-04-17 07:49:09','2024-04-17 07:49:09',9),(65,'media/products/174600335_5_x.jpg','https://p1.liveauctioneers.com/1013/324370/174600335_5_x.jpg?&quality=80&version=1711661660','2024-04-17 07:49:09','2024-04-17 07:49:09',9),(66,'media/products/174600335_6_x.jpg','https://p1.liveauctioneers.com/1013/324370/174600335_6_x.jpg?&quality=80&version=1711661660','2024-04-17 07:49:09','2024-04-17 07:49:09',9),(67,'media/products/174600335_7_x.jpg','https://p1.liveauctioneers.com/1013/324370/174600335_7_x.jpg?&quality=80&version=1711661660','2024-04-17 07:49:09','2024-04-17 07:49:09',9),(68,'media/products/174517331_1_x.jpg','https://p1.liveauctioneers.com/7116/324242/174517331_1_x.jpg?&quality=80&version=1711558926','2024-04-17 07:49:09','2024-04-17 07:49:09',10),(69,'media/products/174517331_2_x.jpg','https://p1.liveauctioneers.com/7116/324242/174517331_2_x.jpg?&quality=80&version=1711558926','2024-04-17 07:49:09','2024-04-17 07:49:09',10),(70,'media/products/174517331_3_x.jpg','https://p1.liveauctioneers.com/7116/324242/174517331_3_x.jpg?&quality=80&version=1711558926','2024-04-17 07:49:09','2024-04-17 07:49:09',10),(71,'media/products/174517331_4_x.jpg','https://p1.liveauctioneers.com/7116/324242/174517331_4_x.jpg?&quality=80&version=1711558926','2024-04-17 07:49:09','2024-04-17 07:49:09',10),(72,'media/products/174517331_5_x.jpg','https://p1.liveauctioneers.com/7116/324242/174517331_5_x.jpg?&quality=80&version=1711558926','2024-04-17 07:49:09','2024-04-17 07:49:09',10),(73,'media/products/174517331_6_x.jpg','https://p1.liveauctioneers.com/7116/324242/174517331_6_x.jpg?&quality=80&version=1711558926','2024-04-17 07:49:09','2024-04-17 07:49:09',10),(74,'media/products/174517331_7_x.jpg','https://p1.liveauctioneers.com/7116/324242/174517331_7_x.jpg?&quality=80&version=1711558926','2024-04-17 07:49:09','2024-04-17 07:49:09',10),(75,'media/products/174517331_8_x.jpg','https://p1.liveauctioneers.com/7116/324242/174517331_8_x.jpg?&quality=80&version=1711558926','2024-04-17 07:49:09','2024-04-17 07:49:09',10),(76,'media/products/174194344_1_x.jpg','https://p1.liveauctioneers.com/5584/323658/174194344_1_x.jpg?&quality=80&version=1711486333','2024-04-17 07:49:09','2024-04-17 07:49:09',11),(77,'media/products/174194344_2_x.jpg','https://p1.liveauctioneers.com/5584/323658/174194344_2_x.jpg?&quality=80&version=1711486333','2024-04-17 07:49:09','2024-04-17 07:49:09',11),(78,'media/products/174194344_3_x.jpg','https://p1.liveauctioneers.com/5584/323658/174194344_3_x.jpg?&quality=80&version=1711486333','2024-04-17 07:49:09','2024-04-17 07:49:09',11),(79,'media/products/174194344_4_x.jpg','https://p1.liveauctioneers.com/5584/323658/174194344_4_x.jpg?&quality=80&version=1711486333','2024-04-17 07:49:09','2024-04-17 07:49:09',11),(80,'media/products/174194344_5_x.jpg','https://p1.liveauctioneers.com/5584/323658/174194344_5_x.jpg?&quality=80&version=1711486333','2024-04-17 07:49:09','2024-04-17 07:49:09',11),(81,'media/products/174194344_6_x.jpg','https://p1.liveauctioneers.com/5584/323658/174194344_6_x.jpg?&quality=80&version=1711486333','2024-04-17 07:49:09','2024-04-17 07:49:09',11),(82,'media/products/174194344_7_x.jpg','https://p1.liveauctioneers.com/5584/323658/174194344_7_x.jpg?&quality=80&version=1711486333','2024-04-17 07:49:09','2024-04-17 07:49:09',11),(83,'media/products/174194344_8_x.jpg','https://p1.liveauctioneers.com/5584/323658/174194344_8_x.jpg?&quality=80&version=1711486333','2024-04-17 07:49:09','2024-04-17 07:49:09',11),(84,'media/products/174194344_9_x.jpg','https://p1.liveauctioneers.com/5584/323658/174194344_9_x.jpg?&quality=80&version=1711486333','2024-04-17 07:49:09','2024-04-17 07:49:09',11),(85,'media/products/174194344_10_x.jpg','https://p1.liveauctioneers.com/5584/323658/174194344_10_x.jpg?&quality=80&version=1711486333','2024-04-17 07:49:09','2024-04-17 07:49:09',11),(86,'media/products/174194344_11_x.jpg','https://p1.liveauctioneers.com/5584/323658/174194344_11_x.jpg?&quality=80&version=1711486333','2024-04-17 07:49:09','2024-04-17 07:49:09',11),(87,'media/products/174194344_12_x.jpg','https://p1.liveauctioneers.com/5584/323658/174194344_12_x.jpg?&quality=80&version=1711486333','2024-04-17 07:49:09','2024-04-17 07:49:09',11),(88,'media/products/174194344_13_x.jpg','https://p1.liveauctioneers.com/5584/323658/174194344_13_x.jpg?&quality=80&version=1711486333','2024-04-17 07:49:09','2024-04-17 07:49:09',11),(89,'media/products/174194344_14_x.jpg','https://p1.liveauctioneers.com/5584/323658/174194344_14_x.jpg?&quality=80&version=1711486333','2024-04-17 07:49:09','2024-04-17 07:49:09',11),(90,'media/products/174194344_15_x.jpg','https://p1.liveauctioneers.com/5584/323658/174194344_15_x.jpg?&quality=80&version=1711486333','2024-04-17 07:49:09','2024-04-17 07:49:09',11),(91,'media/products/174194344_16_x.jpg','https://p1.liveauctioneers.com/5584/323658/174194344_16_x.jpg?&quality=80&version=1711486333','2024-04-17 07:49:09','2024-04-17 07:49:09',11),(92,'media/products/174194344_17_x.jpg','https://p1.liveauctioneers.com/5584/323658/174194344_17_x.jpg?&quality=80&version=1711486333','2024-04-17 07:49:09','2024-04-17 07:49:09',11),(93,'media/products/174194344_18_x.jpg','https://p1.liveauctioneers.com/5584/323658/174194344_18_x.jpg?&quality=80&version=1711486333','2024-04-17 07:49:09','2024-04-17 07:49:09',11),(94,'media/products/174194344_19_x.jpg','https://p1.liveauctioneers.com/5584/323658/174194344_19_x.jpg?&quality=80&version=1711486333','2024-04-17 07:49:09','2024-04-17 07:49:09',11),(95,'media/products/174194344_20_x.jpg','https://p1.liveauctioneers.com/5584/323658/174194344_20_x.jpg?&quality=80&version=1711486333','2024-04-17 07:49:09','2024-04-17 07:49:09',11),(96,'media/products/174194853_1_x.jpg','https://p1.liveauctioneers.com/5584/323659/174194853_1_x.jpg?&quality=80&version=1711630066','2024-04-17 07:49:09','2024-04-17 07:49:09',12),(97,'media/products/174194853_2_x.jpg','https://p1.liveauctioneers.com/5584/323659/174194853_2_x.jpg?&quality=80&version=1711630066','2024-04-17 07:49:09','2024-04-17 07:49:09',12),(98,'media/products/174194853_3_x.jpg','https://p1.liveauctioneers.com/5584/323659/174194853_3_x.jpg?&quality=80&version=1711630066','2024-04-17 07:49:09','2024-04-17 07:49:09',12),(99,'media/products/174194853_4_x.jpg','https://p1.liveauctioneers.com/5584/323659/174194853_4_x.jpg?&quality=80&version=1711630066','2024-04-17 07:49:09','2024-04-17 07:49:09',12),(100,'media/products/174194853_5_x.jpg','https://p1.liveauctioneers.com/5584/323659/174194853_5_x.jpg?&quality=80&version=1711630066','2024-04-17 07:49:09','2024-04-17 07:49:09',12),(101,'media/products/174194853_6_x.jpg','https://p1.liveauctioneers.com/5584/323659/174194853_6_x.jpg?&quality=80&version=1711630066','2024-04-17 07:49:09','2024-04-17 07:49:09',12),(102,'media/products/174194853_7_x.jpg','https://p1.liveauctioneers.com/5584/323659/174194853_7_x.jpg?&quality=80&version=1711630066','2024-04-17 07:49:09','2024-04-17 07:49:09',12),(103,'media/products/174194853_8_x.jpg','https://p1.liveauctioneers.com/5584/323659/174194853_8_x.jpg?&quality=80&version=1711630066','2024-04-17 07:49:09','2024-04-17 07:49:09',12),(104,'media/products/174194853_9_x.jpg','https://p1.liveauctioneers.com/5584/323659/174194853_9_x.jpg?&quality=80&version=1711630066','2024-04-17 07:49:09','2024-04-17 07:49:09',12),(105,'media/products/174194853_10_x.jpg','https://p1.liveauctioneers.com/5584/323659/174194853_10_x.jpg?&quality=80&version=1711630066','2024-04-17 07:49:09','2024-04-17 07:49:09',12),(106,'media/products/174194853_11_x.jpg','https://p1.liveauctioneers.com/5584/323659/174194853_11_x.jpg?&quality=80&version=1711630066','2024-04-17 07:49:09','2024-04-17 07:49:09',12),(107,'media/products/174194853_12_x.jpg','https://p1.liveauctioneers.com/5584/323659/174194853_12_x.jpg?&quality=80&version=1711630066','2024-04-17 07:49:09','2024-04-17 07:49:09',12),(108,'media/products/174194853_13_x.jpg','https://p1.liveauctioneers.com/5584/323659/174194853_13_x.jpg?&quality=80&version=1711630066','2024-04-17 07:49:09','2024-04-17 07:49:09',12),(109,'media/products/174194853_14_x.jpg','https://p1.liveauctioneers.com/5584/323659/174194853_14_x.jpg?&quality=80&version=1711630066','2024-04-17 07:49:09','2024-04-17 07:49:09',12),(110,'media/products/174194853_15_x.jpg','https://p1.liveauctioneers.com/5584/323659/174194853_15_x.jpg?&quality=80&version=1711630066','2024-04-17 07:49:09','2024-04-17 07:49:09',12),(111,'media/products/174368102_1_x.jpg','https://p1.liveauctioneers.com/5584/323933/174368102_1_x.jpg?&quality=80&version=1711486333','2024-04-17 07:49:09','2024-04-17 07:49:09',13),(112,'media/products/174368102_2_x.jpg','https://p1.liveauctioneers.com/5584/323933/174368102_2_x.jpg?&quality=80&version=1711486333','2024-04-17 07:49:09','2024-04-17 07:49:09',13),(113,'media/products/174368102_3_x.jpg','https://p1.liveauctioneers.com/5584/323933/174368102_3_x.jpg?&quality=80&version=1711486333','2024-04-17 07:49:09','2024-04-17 07:49:09',13),(114,'media/products/174368102_4_x.jpg','https://p1.liveauctioneers.com/5584/323933/174368102_4_x.jpg?&quality=80&version=1711486333','2024-04-17 07:49:09','2024-04-17 07:49:09',13),(115,'media/products/174368102_5_x.jpg','https://p1.liveauctioneers.com/5584/323933/174368102_5_x.jpg?&quality=80&version=1711486333','2024-04-17 07:49:09','2024-04-17 07:49:09',13),(116,'media/products/174368102_6_x.jpg','https://p1.liveauctioneers.com/5584/323933/174368102_6_x.jpg?&quality=80&version=1711486333','2024-04-17 07:49:09','2024-04-17 07:49:09',13),(117,'media/products/174368102_7_x.jpg','https://p1.liveauctioneers.com/5584/323933/174368102_7_x.jpg?&quality=80&version=1711486333','2024-04-17 07:49:09','2024-04-17 07:49:09',13),(118,'media/products/173167808_1_x.jpg','https://p1.liveauctioneers.com/1479/320545/173167808_1_x.jpg?&quality=80&version=1709831623','2024-04-17 07:49:09','2024-04-17 07:49:09',14),(119,'media/products/173167808_2_x.jpg','https://p1.liveauctioneers.com/1479/320545/173167808_2_x.jpg?&quality=80&version=1709831623','2024-04-17 07:49:09','2024-04-17 07:49:09',14),(120,'media/products/173167808_3_x.jpg','https://p1.liveauctioneers.com/1479/320545/173167808_3_x.jpg?&quality=80&version=1709831623','2024-04-17 07:49:09','2024-04-17 07:49:09',14),(121,'media/products/173167808_4_x.jpg','https://p1.liveauctioneers.com/1479/320545/173167808_4_x.jpg?&quality=80&version=1709831623','2024-04-17 07:49:09','2024-04-17 07:49:09',14),(122,'media/products/173167808_5_x.jpg','https://p1.liveauctioneers.com/1479/320545/173167808_5_x.jpg?&quality=80&version=1709831623','2024-04-17 07:49:09','2024-04-17 07:49:09',14),(123,'media/products/173167808_6_x.jpg','https://p1.liveauctioneers.com/1479/320545/173167808_6_x.jpg?&quality=80&version=1709831623','2024-04-17 07:49:09','2024-04-17 07:49:09',14),(124,'media/products/173167808_7_x.jpg','https://p1.liveauctioneers.com/1479/320545/173167808_7_x.jpg?&quality=80&version=1709831623','2024-04-17 07:49:09','2024-04-17 07:49:09',14),(125,'media/products/173167808_8_x.jpg','https://p1.liveauctioneers.com/1479/320545/173167808_8_x.jpg?&quality=80&version=1709831623','2024-04-17 07:49:09','2024-04-17 07:49:09',14),(126,'media/products/173167808_9_x.jpg','https://p1.liveauctioneers.com/1479/320545/173167808_9_x.jpg?&quality=80&version=1709831623','2024-04-17 07:49:09','2024-04-17 07:49:09',14),(127,'media/products/173167808_10_x.jpg','https://p1.liveauctioneers.com/1479/320545/173167808_10_x.jpg?&quality=80&version=1709831623','2024-04-17 07:49:09','2024-04-17 07:49:09',14),(128,'media/products/173167808_11_x.jpg','https://p1.liveauctioneers.com/1479/320545/173167808_11_x.jpg?&quality=80&version=1709831623','2024-04-17 07:49:09','2024-04-17 07:49:09',14),(129,'media/products/173167808_12_x.jpg','https://p1.liveauctioneers.com/1479/320545/173167808_12_x.jpg?&quality=80&version=1709831623','2024-04-17 07:49:09','2024-04-17 07:49:09',14),(130,'media/products/173167808_13_x.jpg','https://p1.liveauctioneers.com/1479/320545/173167808_13_x.jpg?&quality=80&version=1709831623','2024-04-17 07:49:09','2024-04-17 07:49:09',14),(131,'media/products/173112861_1_x.jpg','https://p1.liveauctioneers.com/1479/320545/173112861_1_x.jpg?&quality=80&version=1709831623','2024-04-17 07:49:09','2024-04-17 07:49:09',15),(132,'media/products/173112861_2_x.jpg','https://p1.liveauctioneers.com/1479/320545/173112861_2_x.jpg?&quality=80&version=1709831623','2024-04-17 07:49:09','2024-04-17 07:49:09',15),(133,'media/products/173112861_3_x.jpg','https://p1.liveauctioneers.com/1479/320545/173112861_3_x.jpg?&quality=80&version=1709831623','2024-04-17 07:49:09','2024-04-17 07:49:09',15),(134,'media/products/173112861_4_x.jpg','https://p1.liveauctioneers.com/1479/320545/173112861_4_x.jpg?&quality=80&version=1709831623','2024-04-17 07:49:09','2024-04-17 07:49:09',15),(135,'media/products/173112861_5_x.jpg','https://p1.liveauctioneers.com/1479/320545/173112861_5_x.jpg?&quality=80&version=1709831623','2024-04-17 07:49:09','2024-04-17 07:49:09',15),(136,'media/products/173112861_6_x.jpg','https://p1.liveauctioneers.com/1479/320545/173112861_6_x.jpg?&quality=80&version=1709831623','2024-04-17 07:49:09','2024-04-17 07:49:09',15),(137,'media/products/173112861_7_x.jpg','https://p1.liveauctioneers.com/1479/320545/173112861_7_x.jpg?&quality=80&version=1709831623','2024-04-17 07:49:09','2024-04-17 07:49:09',15),(138,'media/products/173112861_8_x.jpg','https://p1.liveauctioneers.com/1479/320545/173112861_8_x.jpg?&quality=80&version=1709831623','2024-04-17 07:49:09','2024-04-17 07:49:09',15),(139,'media/products/173112861_9_x.jpg','https://p1.liveauctioneers.com/1479/320545/173112861_9_x.jpg?&quality=80&version=1709831623','2024-04-17 07:49:09','2024-04-17 07:49:09',15),(140,'media/products/174386600_1_x.jpg','https://p1.liveauctioneers.com/5584/323961/174386600_1_x.jpg?&quality=80&version=1711486124','2024-04-17 07:49:09','2024-04-17 07:49:09',16),(141,'media/products/174386600_2_x.jpg','https://p1.liveauctioneers.com/5584/323961/174386600_2_x.jpg?&quality=80&version=1711486124','2024-04-17 07:49:09','2024-04-17 07:49:09',16),(142,'media/products/174386600_3_x.jpg','https://p1.liveauctioneers.com/5584/323961/174386600_3_x.jpg?&quality=80&version=1711486124','2024-04-17 07:49:09','2024-04-17 07:49:09',16),(143,'media/products/174386600_4_x.jpg','https://p1.liveauctioneers.com/5584/323961/174386600_4_x.jpg?&quality=80&version=1711486124','2024-04-17 07:49:09','2024-04-17 07:49:09',16),(144,'media/products/174386600_5_x.jpg','https://p1.liveauctioneers.com/5584/323961/174386600_5_x.jpg?&quality=80&version=1711486124','2024-04-17 07:49:09','2024-04-17 07:49:09',16),(145,'media/products/174386600_6_x.jpg','https://p1.liveauctioneers.com/5584/323961/174386600_6_x.jpg?&quality=80&version=1711486124','2024-04-17 07:49:09','2024-04-17 07:49:09',16),(146,'media/products/173556303_1_x.jpg','https://p1.liveauctioneers.com/4247/322576/173556303_1_x.jpg?&quality=80&version=1710377290','2024-04-17 07:49:09','2024-04-17 07:49:09',17),(147,'media/products/173556303_2_x.jpg','https://p1.liveauctioneers.com/4247/322576/173556303_2_x.jpg?&quality=80&version=1710377290','2024-04-17 07:49:09','2024-04-17 07:49:09',17),(148,'media/products/173556303_3_x.jpg','https://p1.liveauctioneers.com/4247/322576/173556303_3_x.jpg?&quality=80&version=1710377290','2024-04-17 07:49:09','2024-04-17 07:49:09',17),(149,'media/products/173556303_4_x.jpg','https://p1.liveauctioneers.com/4247/322576/173556303_4_x.jpg?&quality=80&version=1710377290','2024-04-17 07:49:09','2024-04-17 07:49:09',17),(150,'media/products/173556303_5_x.jpg','https://p1.liveauctioneers.com/4247/322576/173556303_5_x.jpg?&quality=80&version=1710377290','2024-04-17 07:49:09','2024-04-17 07:49:09',17),(151,'media/products/173556303_6_x.jpg','https://p1.liveauctioneers.com/4247/322576/173556303_6_x.jpg?&quality=80&version=1710377290','2024-04-17 07:49:09','2024-04-17 07:49:09',17),(152,'media/products/173556303_7_x.jpg','https://p1.liveauctioneers.com/4247/322576/173556303_7_x.jpg?&quality=80&version=1710377290','2024-04-17 07:49:09','2024-04-17 07:49:09',17),(153,'media/products/173556303_8_x.jpg','https://p1.liveauctioneers.com/4247/322576/173556303_8_x.jpg?&quality=80&version=1710377290','2024-04-17 07:49:09','2024-04-17 07:49:09',17),(154,'media/products/173556303_9_x.jpg','https://p1.liveauctioneers.com/4247/322576/173556303_9_x.jpg?&quality=80&version=1710377290','2024-04-17 07:49:09','2024-04-17 07:49:09',17),(155,'media/products/170222072_1_x.jpg','https://p1.liveauctioneers.com/6807/316651/170222072_1_x.jpg?&quality=80&version=1706840551','2024-04-17 07:49:09','2024-04-17 07:49:09',18),(156,'media/products/170222072_2_x.jpg','https://p1.liveauctioneers.com/6807/316651/170222072_2_x.jpg?&quality=80&version=1706840551','2024-04-17 07:49:09','2024-04-17 07:49:09',18),(157,'media/products/170222072_3_x.jpg','https://p1.liveauctioneers.com/6807/316651/170222072_3_x.jpg?&quality=80&version=1706840551','2024-04-17 07:49:09','2024-04-17 07:49:09',18),(158,'media/products/170222072_4_x.jpg','https://p1.liveauctioneers.com/6807/316651/170222072_4_x.jpg?&quality=80&version=1706840551','2024-04-17 07:49:09','2024-04-17 07:49:09',18),(159,'media/products/170222072_5_x.jpg','https://p1.liveauctioneers.com/6807/316651/170222072_5_x.jpg?&quality=80&version=1706840551','2024-04-17 07:49:09','2024-04-17 07:49:09',18),(160,'media/products/173556485_1_x.jpg','https://p1.liveauctioneers.com/4247/322576/173556485_1_x.jpg?&quality=80&version=1710377290','2024-04-17 07:49:09','2024-04-17 07:49:09',19),(161,'media/products/173556485_2_x.jpg','https://p1.liveauctioneers.com/4247/322576/173556485_2_x.jpg?&quality=80&version=1710377290','2024-04-17 07:49:09','2024-04-17 07:49:09',19),(162,'media/products/173556485_3_x.jpg','https://p1.liveauctioneers.com/4247/322576/173556485_3_x.jpg?&quality=80&version=1710377290','2024-04-17 07:49:09','2024-04-17 07:49:09',19),(163,'media/products/173556485_4_x.jpg','https://p1.liveauctioneers.com/4247/322576/173556485_4_x.jpg?&quality=80&version=1710377290','2024-04-17 07:49:09','2024-04-17 07:49:09',19),(164,'media/products/173556485_5_x.jpg','https://p1.liveauctioneers.com/4247/322576/173556485_5_x.jpg?&quality=80&version=1710377290','2024-04-17 07:49:09','2024-04-17 07:49:09',19),(165,'media/products/173556485_6_x.jpg','https://p1.liveauctioneers.com/4247/322576/173556485_6_x.jpg?&quality=80&version=1710377290','2024-04-17 07:49:09','2024-04-17 07:49:09',19),(166,'media/products/173556485_7_x.jpg','https://p1.liveauctioneers.com/4247/322576/173556485_7_x.jpg?&quality=80&version=1710377290','2024-04-17 07:49:09','2024-04-17 07:49:09',19),(167,'media/products/173556485_8_x.jpg','https://p1.liveauctioneers.com/4247/322576/173556485_8_x.jpg?&quality=80&version=1710377290','2024-04-17 07:49:09','2024-04-17 07:49:09',19),(168,'media/products/173556485_9_x.jpg','https://p1.liveauctioneers.com/4247/322576/173556485_9_x.jpg?&quality=80&version=1710377290','2024-04-17 07:49:09','2024-04-17 07:49:09',19),(169,'media/products/173556485_10_x.jpg','https://p1.liveauctioneers.com/4247/322576/173556485_10_x.jpg?&quality=80&version=1710377290','2024-04-17 07:49:09','2024-04-17 07:49:09',19),(170,'media/products/173556485_11_x.jpg','https://p1.liveauctioneers.com/4247/322576/173556485_11_x.jpg?&quality=80&version=1710377290','2024-04-17 07:49:09','2024-04-17 07:49:09',19),(171,'media/products/173556485_12_x.jpg','https://p1.liveauctioneers.com/4247/322576/173556485_12_x.jpg?&quality=80&version=1710377290','2024-04-17 07:49:09','2024-04-17 07:49:09',19),(172,'media/products/173556485_13_x.jpg','https://p1.liveauctioneers.com/4247/322576/173556485_13_x.jpg?&quality=80&version=1710377290','2024-04-17 07:49:09','2024-04-17 07:49:09',19),(173,'media/products/173556485_14_x.jpg','https://p1.liveauctioneers.com/4247/322576/173556485_14_x.jpg?&quality=80&version=1710377290','2024-04-17 07:49:09','2024-04-17 07:49:09',19),(174,'media/products/173556485_15_x.jpg','https://p1.liveauctioneers.com/4247/322576/173556485_15_x.jpg?&quality=80&version=1710377290','2024-04-17 07:49:09','2024-04-17 07:49:09',19),(175,'media/products/173556485_16_x.jpg','https://p1.liveauctioneers.com/4247/322576/173556485_16_x.jpg?&quality=80&version=1710377290','2024-04-17 07:49:09','2024-04-17 07:49:09',19),(176,'media/products/173556485_17_x.jpg','https://p1.liveauctioneers.com/4247/322576/173556485_17_x.jpg?&quality=80&version=1710377290','2024-04-17 07:49:09','2024-04-17 07:49:09',19),(177,'media/products/173556485_18_x.jpg','https://p1.liveauctioneers.com/4247/322576/173556485_18_x.jpg?&quality=80&version=1710377290','2024-04-17 07:49:09','2024-04-17 07:49:09',19),(178,'media/products/173556485_19_x.jpg','https://p1.liveauctioneers.com/4247/322576/173556485_19_x.jpg?&quality=80&version=1710377290','2024-04-17 07:49:09','2024-04-17 07:49:09',19),(179,'media/products/173556485_20_x.jpg','https://p1.liveauctioneers.com/4247/322576/173556485_20_x.jpg?&quality=80&version=1710377290','2024-04-17 07:49:09','2024-04-17 07:49:09',19),(180,'media/products/173573237_1_x.jpg','https://p1.liveauctioneers.com/2748/322772/173573237_1_x.jpg?&quality=80&version=1710424105','2024-04-17 07:49:09','2024-04-17 07:49:09',20),(181,'media/products/173573237_2_x.jpg','https://p1.liveauctioneers.com/2748/322772/173573237_2_x.jpg?&quality=80&version=1710424105','2024-04-17 07:49:09','2024-04-17 07:49:09',20),(182,'media/products/173573237_3_x.jpg','https://p1.liveauctioneers.com/2748/322772/173573237_3_x.jpg?&quality=80&version=1710424105','2024-04-17 07:49:09','2024-04-17 07:49:09',20),(183,'media/products/173573237_4_x.jpg','https://p1.liveauctioneers.com/2748/322772/173573237_4_x.jpg?&quality=80&version=1710424105','2024-04-17 07:49:09','2024-04-17 07:49:09',20),(184,'media/products/173573237_5_x.jpg','https://p1.liveauctioneers.com/2748/322772/173573237_5_x.jpg?&quality=80&version=1710424105','2024-04-17 07:49:09','2024-04-17 07:49:09',20),(185,'media/products/173573237_6_x.jpg','https://p1.liveauctioneers.com/2748/322772/173573237_6_x.jpg?&quality=80&version=1710424105','2024-04-17 07:49:09','2024-04-17 07:49:09',20),(186,'media/products/173573237_7_x.jpg','https://p1.liveauctioneers.com/2748/322772/173573237_7_x.jpg?&quality=80&version=1710424105','2024-04-17 07:49:09','2024-04-17 07:49:09',20),(187,'media/products/173573237_8_x.jpg','https://p1.liveauctioneers.com/2748/322772/173573237_8_x.jpg?&quality=80&version=1710424105','2024-04-17 07:49:09','2024-04-17 07:49:09',20),(188,'media/products/173573237_9_x.jpg','https://p1.liveauctioneers.com/2748/322772/173573237_9_x.jpg?&quality=80&version=1710424105','2024-04-17 07:49:09','2024-04-17 07:49:09',20),(189,'media/products/173573237_10_x.jpg','https://p1.liveauctioneers.com/2748/322772/173573237_10_x.jpg?&quality=80&version=1710424105','2024-04-17 07:49:09','2024-04-17 07:49:09',20),(190,'media/products/173743110_1_x.jpg','https://p1.liveauctioneers.com/7928/323080/173743110_1_x.jpg?&quality=80&version=1710781140','2024-04-17 07:49:09','2024-04-17 07:49:09',21),(191,'media/products/173743110_2_x.jpg','https://p1.liveauctioneers.com/7928/323080/173743110_2_x.jpg?&quality=80&version=1710781140','2024-04-17 07:49:09','2024-04-17 07:49:09',21),(192,'media/products/173743110_3_x.jpg','https://p1.liveauctioneers.com/7928/323080/173743110_3_x.jpg?&quality=80&version=1710781140','2024-04-17 07:49:09','2024-04-17 07:49:09',21),(193,'media/products/173743110_4_x.jpg','https://p1.liveauctioneers.com/7928/323080/173743110_4_x.jpg?&quality=80&version=1710781140','2024-04-17 07:49:09','2024-04-17 07:49:09',21),(194,'media/products/173743110_10_x.jpg','https://p1.liveauctioneers.com/7928/323080/173743110_10_x.jpg?&quality=80&version=1710781140','2024-04-17 07:49:09','2024-04-17 07:49:09',21),(195,'media/products/174368104_1_x.jpg','https://p1.liveauctioneers.com/5584/323933/174368104_1_x.jpg?&quality=80&version=1711486333','2024-04-17 07:49:09','2024-04-17 07:49:09',22),(196,'media/products/174368104_2_x.jpg','https://p1.liveauctioneers.com/5584/323933/174368104_2_x.jpg?&quality=80&version=1711486333','2024-04-17 07:49:09','2024-04-17 07:49:09',22),(197,'media/products/174368104_3_x.jpg','https://p1.liveauctioneers.com/5584/323933/174368104_3_x.jpg?&quality=80&version=1711486333','2024-04-17 07:49:09','2024-04-17 07:49:09',22),(198,'media/products/174368104_4_x.jpg','https://p1.liveauctioneers.com/5584/323933/174368104_4_x.jpg?&quality=80&version=1711486333','2024-04-17 07:49:09','2024-04-17 07:49:09',22),(199,'media/products/174368104_5_x.jpg','https://p1.liveauctioneers.com/5584/323933/174368104_5_x.jpg?&quality=80&version=1711486333','2024-04-17 07:49:09','2024-04-17 07:49:09',22),(200,'media/products/174368104_6_x.jpg','https://p1.liveauctioneers.com/5584/323933/174368104_6_x.jpg?&quality=80&version=1711486333','2024-04-17 07:49:09','2024-04-17 07:49:09',22),(201,'media/products/174368104_7_x.jpg','https://p1.liveauctioneers.com/5584/323933/174368104_7_x.jpg?&quality=80&version=1711486333','2024-04-17 07:49:09','2024-04-17 07:49:09',22),(202,'media/products/174368104_8_x.jpg','https://p1.liveauctioneers.com/5584/323933/174368104_8_x.jpg?&quality=80&version=1711486333','2024-04-17 07:49:09','2024-04-17 07:49:09',22),(203,'media/products/174368104_9_x.jpg','https://p1.liveauctioneers.com/5584/323933/174368104_9_x.jpg?&quality=80&version=1711486333','2024-04-17 07:49:09','2024-04-17 07:49:09',22),(204,'media/products/174368104_10_x.jpg','https://p1.liveauctioneers.com/5584/323933/174368104_10_x.jpg?&quality=80&version=1711486333','2024-04-17 07:49:09','2024-04-17 07:49:09',22),(205,'media/products/174368104_11_x.jpg','https://p1.liveauctioneers.com/5584/323933/174368104_11_x.jpg?&quality=80&version=1711486333','2024-04-17 07:49:09','2024-04-17 07:49:09',22),(206,'media/products/174368095_1_x.jpg','https://p1.liveauctioneers.com/5584/323933/174368095_1_x.jpg?&quality=80&version=1711486333','2024-04-17 07:49:09','2024-04-17 07:49:09',23),(207,'media/products/174368095_2_x.jpg','https://p1.liveauctioneers.com/5584/323933/174368095_2_x.jpg?&quality=80&version=1711486333','2024-04-17 07:49:09','2024-04-17 07:49:09',23),(208,'media/products/174368095_3_x.jpg','https://p1.liveauctioneers.com/5584/323933/174368095_3_x.jpg?&quality=80&version=1711486333','2024-04-17 07:49:09','2024-04-17 07:49:09',23),(209,'media/products/174368095_4_x.jpg','https://p1.liveauctioneers.com/5584/323933/174368095_4_x.jpg?&quality=80&version=1711486333','2024-04-17 07:49:09','2024-04-17 07:49:09',23),(210,'media/products/174368095_5_x.jpg','https://p1.liveauctioneers.com/5584/323933/174368095_5_x.jpg?&quality=80&version=1711486333','2024-04-17 07:49:09','2024-04-17 07:49:09',23),(211,'media/products/174057870_1_x.jpg','https://p1.liveauctioneers.com/5584/323478/174057870_1_x.jpg?&quality=80&version=1711486333','2024-04-17 07:49:09','2024-04-17 07:49:09',24),(212,'media/products/174057870_2_x.jpg','https://p1.liveauctioneers.com/5584/323478/174057870_2_x.jpg?&quality=80&version=1711486333','2024-04-17 07:49:09','2024-04-17 07:49:09',24),(213,'media/products/174057870_3_x.jpg','https://p1.liveauctioneers.com/5584/323478/174057870_3_x.jpg?&quality=80&version=1711486333','2024-04-17 07:49:09','2024-04-17 07:49:09',24),(214,'media/products/174057870_4_x.jpg','https://p1.liveauctioneers.com/5584/323478/174057870_4_x.jpg?&quality=80&version=1711486333','2024-04-17 07:49:09','2024-04-17 07:49:09',24),(215,'media/products/174057870_5_x.jpg','https://p1.liveauctioneers.com/5584/323478/174057870_5_x.jpg?&quality=80&version=1711486333','2024-04-17 07:49:09','2024-04-17 07:49:09',24),(216,'media/products/174057870_6_x.jpg','https://p1.liveauctioneers.com/5584/323478/174057870_6_x.jpg?&quality=80&version=1711486333','2024-04-17 07:49:09','2024-04-17 07:49:09',24),(217,'media/products/174057870_7_x.jpg','https://p1.liveauctioneers.com/5584/323478/174057870_7_x.jpg?&quality=80&version=1711486333','2024-04-17 07:49:09','2024-04-17 07:49:09',24),(218,'media/products/174057870_8_x.jpg','https://p1.liveauctioneers.com/5584/323478/174057870_8_x.jpg?&quality=80&version=1711486333','2024-04-17 07:49:09','2024-04-17 07:49:09',24),(219,'media/products/174057870_9_x.jpg','https://p1.liveauctioneers.com/5584/323478/174057870_9_x.jpg?&quality=80&version=1711486333','2024-04-17 07:49:09','2024-04-17 07:49:09',24),(220,'media/products/174057870_10_x.jpg','https://p1.liveauctioneers.com/5584/323478/174057870_10_x.jpg?&quality=80&version=1711486333','2024-04-17 07:49:09','2024-04-17 07:49:09',24),(221,'media/products/174057870_11_x.jpg','https://p1.liveauctioneers.com/5584/323478/174057870_11_x.jpg?&quality=80&version=1711486333','2024-04-17 07:49:09','2024-04-17 07:49:09',24),(222,'media/products/173629069_1_x.jpg','https://p1.liveauctioneers.com/1874/322817/173629069_1_x.jpg?&quality=80&version=1710530667','2024-04-17 07:49:09','2024-04-17 07:49:09',25),(223,'media/products/173629069_2_x.jpg','https://p1.liveauctioneers.com/1874/322817/173629069_2_x.jpg?&quality=80&version=1710530667','2024-04-17 07:49:09','2024-04-17 07:49:09',25),(224,'media/products/173629069_3_x.jpg','https://p1.liveauctioneers.com/1874/322817/173629069_3_x.jpg?&quality=80&version=1710530667','2024-04-17 07:49:09','2024-04-17 07:49:09',25),(225,'media/products/173629069_4_x.jpg','https://p1.liveauctioneers.com/1874/322817/173629069_4_x.jpg?&quality=80&version=1710530667','2024-04-17 07:49:09','2024-04-17 07:49:09',25),(226,'media/products/173629069_5_x.jpg','https://p1.liveauctioneers.com/1874/322817/173629069_5_x.jpg?&quality=80&version=1710530667','2024-04-17 07:49:09','2024-04-17 07:49:09',25),(227,'media/products/173629069_6_x.jpg','https://p1.liveauctioneers.com/1874/322817/173629069_6_x.jpg?&quality=80&version=1710530667','2024-04-17 07:49:09','2024-04-17 07:49:09',25),(228,'media/products/174552376_1_x.jpg','https://p1.liveauctioneers.com/5584/324318/174552376_1_x.jpg?&quality=80&version=1712089041','2024-04-17 07:49:09','2024-04-17 07:49:09',26),(229,'media/products/174552376_2_x.jpg','https://p1.liveauctioneers.com/5584/324318/174552376_2_x.jpg?&quality=80&version=1712089041','2024-04-17 07:49:09','2024-04-17 07:49:09',26),(230,'media/products/174552376_3_x.jpg','https://p1.liveauctioneers.com/5584/324318/174552376_3_x.jpg?&quality=80&version=1712089041','2024-04-17 07:49:09','2024-04-17 07:49:09',26),(231,'media/products/174552376_4_x.jpg','https://p1.liveauctioneers.com/5584/324318/174552376_4_x.jpg?&quality=80&version=1712089041','2024-04-17 07:49:09','2024-04-17 07:49:09',26),(232,'media/products/174552376_5_x.jpg','https://p1.liveauctioneers.com/5584/324318/174552376_5_x.jpg?&quality=80&version=1712089041','2024-04-17 07:49:09','2024-04-17 07:49:09',26),(233,'media/products/174552376_6_x.jpg','https://p1.liveauctioneers.com/5584/324318/174552376_6_x.jpg?&quality=80&version=1712089041','2024-04-17 07:49:09','2024-04-17 07:49:09',26),(234,'media/products/174552376_7_x.jpg','https://p1.liveauctioneers.com/5584/324318/174552376_7_x.jpg?&quality=80&version=1712089041','2024-04-17 07:49:09','2024-04-17 07:49:09',26),(235,'media/products/174552376_8_x.jpg','https://p1.liveauctioneers.com/5584/324318/174552376_8_x.jpg?&quality=80&version=1712089041','2024-04-17 07:49:09','2024-04-17 07:49:09',26),(236,'media/products/174552376_9_x.jpg','https://p1.liveauctioneers.com/5584/324318/174552376_9_x.jpg?&quality=80&version=1712089041','2024-04-17 07:49:09','2024-04-17 07:49:09',26),(237,'media/products/174552376_10_x.jpg','https://p1.liveauctioneers.com/5584/324318/174552376_10_x.jpg?&quality=80&version=1712089041','2024-04-17 07:49:09','2024-04-17 07:49:09',26),(238,'media/products/174552376_11_x.jpg','https://p1.liveauctioneers.com/5584/324318/174552376_11_x.jpg?&quality=80&version=1712089041','2024-04-17 07:49:09','2024-04-17 07:49:09',26),(239,'media/products/174552376_12_x.jpg','https://p1.liveauctioneers.com/5584/324318/174552376_12_x.jpg?&quality=80&version=1712089041','2024-04-17 07:49:09','2024-04-17 07:49:09',26),(240,'media/products/174552376_13_x.jpg','https://p1.liveauctioneers.com/5584/324318/174552376_13_x.jpg?&quality=80&version=1712089041','2024-04-17 07:49:09','2024-04-17 07:49:09',26),(241,'media/products/174552376_14_x.jpg','https://p1.liveauctioneers.com/5584/324318/174552376_14_x.jpg?&quality=80&version=1712089041','2024-04-17 07:49:09','2024-04-17 07:49:09',26),(242,'media/products/174552376_15_x.jpg','https://p1.liveauctioneers.com/5584/324318/174552376_15_x.jpg?&quality=80&version=1712089041','2024-04-17 07:49:09','2024-04-17 07:49:09',26),(243,'media/products/174552376_16_x.jpg','https://p1.liveauctioneers.com/5584/324318/174552376_16_x.jpg?&quality=80&version=1712089041','2024-04-17 07:49:09','2024-04-17 07:49:09',26),(244,'media/products/174552376_17_x.jpg','https://p1.liveauctioneers.com/5584/324318/174552376_17_x.jpg?&quality=80&version=1712089041','2024-04-17 07:49:09','2024-04-17 07:49:09',26),(245,'media/products/174552376_18_x.jpg','https://p1.liveauctioneers.com/5584/324318/174552376_18_x.jpg?&quality=80&version=1712089041','2024-04-17 07:49:09','2024-04-17 07:49:09',26),(246,'media/products/174552376_19_x.jpg','https://p1.liveauctioneers.com/5584/324318/174552376_19_x.jpg?&quality=80&version=1712089041','2024-04-17 07:49:09','2024-04-17 07:49:09',26),(247,'media/products/174552376_20_x.jpg','https://p1.liveauctioneers.com/5584/324318/174552376_20_x.jpg?&quality=80&version=1712089041','2024-04-17 07:49:09','2024-04-17 07:49:09',26),(248,'media/products/173629002_1_x.jpg','https://p1.liveauctioneers.com/1874/322817/173629002_1_x.jpg?&quality=80&version=1710530667','2024-04-17 07:49:09','2024-04-17 07:49:09',27),(249,'media/products/173629002_2_x.jpg','https://p1.liveauctioneers.com/1874/322817/173629002_2_x.jpg?&quality=80&version=1710530667','2024-04-17 07:49:09','2024-04-17 07:49:09',27),(250,'media/products/173629002_3_x.jpg','https://p1.liveauctioneers.com/1874/322817/173629002_3_x.jpg?&quality=80&version=1710530667','2024-04-17 07:49:09','2024-04-17 07:49:09',27),(251,'media/products/173629002_4_x.jpg','https://p1.liveauctioneers.com/1874/322817/173629002_4_x.jpg?&quality=80&version=1710530667','2024-04-17 07:49:09','2024-04-17 07:49:09',27),(252,'media/products/173629002_5_x.jpg','https://p1.liveauctioneers.com/1874/322817/173629002_5_x.jpg?&quality=80&version=1710530667','2024-04-17 07:49:09','2024-04-17 07:49:09',27),(253,'media/products/173629002_6_x.jpg','https://p1.liveauctioneers.com/1874/322817/173629002_6_x.jpg?&quality=80&version=1710530667','2024-04-17 07:49:09','2024-04-17 07:49:09',27),(254,'media/products/173629002_7_x.jpg','https://p1.liveauctioneers.com/1874/322817/173629002_7_x.jpg?&quality=80&version=1710530667','2024-04-17 07:49:09','2024-04-17 07:49:09',27),(255,'media/products/171870870_1_x.jpg','https://p1.liveauctioneers.com/5649/320002/171870870_1_x.jpg?&quality=80&version=1708117964','2024-04-17 07:49:09','2024-04-17 07:49:09',28),(256,'media/products/171870870_2_x.jpg','https://p1.liveauctioneers.com/5649/320002/171870870_2_x.jpg?&quality=80&version=1708117964','2024-04-17 07:49:09','2024-04-17 07:49:09',28),(257,'media/products/171870870_3_x.jpg','https://p1.liveauctioneers.com/5649/320002/171870870_3_x.jpg?&quality=80&version=1708117964','2024-04-17 07:49:09','2024-04-17 07:49:09',28),(258,'media/products/171870870_4_x.jpg','https://p1.liveauctioneers.com/5649/320002/171870870_4_x.jpg?&quality=80&version=1708117964','2024-04-17 07:49:09','2024-04-17 07:49:09',28),(259,'media/products/171870870_5_x.jpg','https://p1.liveauctioneers.com/5649/320002/171870870_5_x.jpg?&quality=80&version=1708117964','2024-04-17 07:49:09','2024-04-17 07:49:09',28),(260,'media/products/171870870_6_x.jpg','https://p1.liveauctioneers.com/5649/320002/171870870_6_x.jpg?&quality=80&version=1708117964','2024-04-17 07:49:09','2024-04-17 07:49:09',28),(261,'media/products/171870870_7_x.jpg','https://p1.liveauctioneers.com/5649/320002/171870870_7_x.jpg?&quality=80&version=1708117964','2024-04-17 07:49:09','2024-04-17 07:49:09',28),(262,'media/products/171870870_8_x.jpg','https://p1.liveauctioneers.com/5649/320002/171870870_8_x.jpg?&quality=80&version=1708117964','2024-04-17 07:49:09','2024-04-17 07:49:09',28),(263,'media/products/171870870_9_x.jpg','https://p1.liveauctioneers.com/5649/320002/171870870_9_x.jpg?&quality=80&version=1708117964','2024-04-17 07:49:09','2024-04-17 07:49:09',28),(264,'media/products/171870870_10_x.jpg','https://p1.liveauctioneers.com/5649/320002/171870870_10_x.jpg?&quality=80&version=1708117964','2024-04-17 07:49:09','2024-04-17 07:49:09',28),(265,'media/products/171870870_11_x.jpg','https://p1.liveauctioneers.com/5649/320002/171870870_11_x.jpg?&quality=80&version=1708117964','2024-04-17 07:49:09','2024-04-17 07:49:09',28),(266,'media/products/173701442_1_x.jpg','https://p1.liveauctioneers.com/5908/322997/173701442_1_x.jpg?&quality=80&version=1710614641','2024-04-17 07:49:09','2024-04-17 07:49:09',29),(267,'media/products/173701442_2_x.jpg','https://p1.liveauctioneers.com/5908/322997/173701442_2_x.jpg?&quality=80&version=1710614641','2024-04-17 07:49:09','2024-04-17 07:49:09',29),(268,'media/products/173701442_3_x.jpg','https://p1.liveauctioneers.com/5908/322997/173701442_3_x.jpg?&quality=80&version=1710614641','2024-04-17 07:49:09','2024-04-17 07:49:09',29),(269,'media/products/173701442_4_x.jpg','https://p1.liveauctioneers.com/5908/322997/173701442_4_x.jpg?&quality=80&version=1710614641','2024-04-17 07:49:09','2024-04-17 07:49:09',29),(270,'media/products/173701442_5_x.jpg','https://p1.liveauctioneers.com/5908/322997/173701442_5_x.jpg?&quality=80&version=1710614641','2024-04-17 07:49:09','2024-04-17 07:49:09',29),(271,'media/products/173701442_6_x.jpg','https://p1.liveauctioneers.com/5908/322997/173701442_6_x.jpg?&quality=80&version=1710614641','2024-04-17 07:49:09','2024-04-17 07:49:09',29),(272,'media/products/173701442_7_x.jpg','https://p1.liveauctioneers.com/5908/322997/173701442_7_x.jpg?&quality=80&version=1710614641','2024-04-17 07:49:09','2024-04-17 07:49:09',29),(273,'media/products/173590311_1_x.jpg','https://p1.liveauctioneers.com/6189/322825/173590311_1_x.jpg?&quality=80&version=1710451629','2024-04-17 07:49:09','2024-04-17 07:49:09',30),(274,'media/products/173590311_2_x.jpg','https://p1.liveauctioneers.com/6189/322825/173590311_2_x.jpg?&quality=80&version=1710451629','2024-04-17 07:49:09','2024-04-17 07:49:09',30),(275,'media/products/173590311_3_x.jpg','https://p1.liveauctioneers.com/6189/322825/173590311_3_x.jpg?&quality=80&version=1710451629','2024-04-17 07:49:09','2024-04-17 07:49:09',30),(276,'media/products/173590311_4_x.jpg','https://p1.liveauctioneers.com/6189/322825/173590311_4_x.jpg?&quality=80&version=1710451629','2024-04-17 07:49:09','2024-04-17 07:49:09',30),(277,'media/products/173590311_5_x.jpg','https://p1.liveauctioneers.com/6189/322825/173590311_5_x.jpg?&quality=80&version=1710451629','2024-04-17 07:49:09','2024-04-17 07:49:09',30),(278,'media/products/173590311_6_x.jpg','https://p1.liveauctioneers.com/6189/322825/173590311_6_x.jpg?&quality=80&version=1710451629','2024-04-17 07:49:09','2024-04-17 07:49:09',30),(279,'media/products/173590311_7_x.jpg','https://p1.liveauctioneers.com/6189/322825/173590311_7_x.jpg?&quality=80&version=1710451629','2024-04-17 07:49:09','2024-04-17 07:49:09',30),(280,'media/products/173590311_8_x.jpg','https://p1.liveauctioneers.com/6189/322825/173590311_8_x.jpg?&quality=80&version=1710451629','2024-04-17 07:49:09','2024-04-17 07:49:09',30),(281,'media/products/173590311_9_x.jpg','https://p1.liveauctioneers.com/6189/322825/173590311_9_x.jpg?&quality=80&version=1710451629','2024-04-17 07:49:09','2024-04-17 07:49:09',30),(282,'media/products/173590311_10_x.jpg','https://p1.liveauctioneers.com/6189/322825/173590311_10_x.jpg?&quality=80&version=1710451629','2024-04-17 07:49:09','2024-04-17 07:49:09',30),(283,'media/products/173590311_11_x.jpg','https://p1.liveauctioneers.com/6189/322825/173590311_11_x.jpg?&quality=80&version=1710451629','2024-04-17 07:49:09','2024-04-17 07:49:09',30),(284,'media/products/173590311_12_x.jpg','https://p1.liveauctioneers.com/6189/322825/173590311_12_x.jpg?&quality=80&version=1710451629','2024-04-17 07:49:09','2024-04-17 07:49:09',30),(285,'media/products/173590311_13_x.jpg','https://p1.liveauctioneers.com/6189/322825/173590311_13_x.jpg?&quality=80&version=1710451629','2024-04-17 07:49:09','2024-04-17 07:49:09',30),(286,'media/products/173590311_14_x.jpg','https://p1.liveauctioneers.com/6189/322825/173590311_14_x.jpg?&quality=80&version=1710451629','2024-04-17 07:49:09','2024-04-17 07:49:09',30),(287,'media/products/173590311_15_x.jpg','https://p1.liveauctioneers.com/6189/322825/173590311_15_x.jpg?&quality=80&version=1710451629','2024-04-17 07:49:09','2024-04-17 07:49:09',30),(288,'media/products/173590311_16_x.jpg','https://p1.liveauctioneers.com/6189/322825/173590311_16_x.jpg?&quality=80&version=1710451629','2024-04-17 07:49:09','2024-04-17 07:49:09',30),(289,'media/products/173754638_1_x.jpg','https://p1.liveauctioneers.com/1221/322565/173754638_1_x.jpg?&quality=80&version=1710881195','2024-04-17 07:49:09','2024-04-17 07:49:09',31),(290,'media/products/173754638_2_x.jpg','https://p1.liveauctioneers.com/1221/322565/173754638_2_x.jpg?&quality=80&version=1710881195','2024-04-17 07:49:09','2024-04-17 07:49:09',31),(291,'media/products/173754638_3_x.jpg','https://p1.liveauctioneers.com/1221/322565/173754638_3_x.jpg?&quality=80&version=1710881195','2024-04-17 07:49:09','2024-04-17 07:49:09',31),(292,'media/products/173754638_4_x.jpg','https://p1.liveauctioneers.com/1221/322565/173754638_4_x.jpg?&quality=80&version=1710881195','2024-04-17 07:49:09','2024-04-17 07:49:09',31),(293,'media/products/173754638_5_x.jpg','https://p1.liveauctioneers.com/1221/322565/173754638_5_x.jpg?&quality=80&version=1710881195','2024-04-17 07:49:09','2024-04-17 07:49:09',31),(294,'media/products/173754638_6_x.jpg','https://p1.liveauctioneers.com/1221/322565/173754638_6_x.jpg?&quality=80&version=1710881195','2024-04-17 07:49:09','2024-04-17 07:49:09',31),(295,'media/products/173754638_7_x.jpg','https://p1.liveauctioneers.com/1221/322565/173754638_7_x.jpg?&quality=80&version=1710881195','2024-04-17 07:49:09','2024-04-17 07:49:09',31),(296,'media/products/173754638_8_x.jpg','https://p1.liveauctioneers.com/1221/322565/173754638_8_x.jpg?&quality=80&version=1710881195','2024-04-17 07:49:09','2024-04-17 07:49:09',31),(297,'media/products/173754638_9_x.jpg','https://p1.liveauctioneers.com/1221/322565/173754638_9_x.jpg?&quality=80&version=1710881195','2024-04-17 07:49:09','2024-04-17 07:49:09',31),(298,'media/products/173754638_10_x.jpg','https://p1.liveauctioneers.com/1221/322565/173754638_10_x.jpg?&quality=80&version=1710881195','2024-04-17 07:49:09','2024-04-17 07:49:09',31),(299,'media/products/173754638_11_x.jpg','https://p1.liveauctioneers.com/1221/322565/173754638_11_x.jpg?&quality=80&version=1710881195','2024-04-17 07:49:09','2024-04-17 07:49:09',31),(300,'media/products/173754638_12_x.jpg','https://p1.liveauctioneers.com/1221/322565/173754638_12_x.jpg?&quality=80&version=1710881195','2024-04-17 07:49:09','2024-04-17 07:49:09',31),(301,'media/products/173754638_14_x.jpg','https://p1.liveauctioneers.com/1221/322565/173754638_14_x.jpg?&quality=80&version=1710881195','2024-04-17 07:49:09','2024-04-17 07:49:09',31),(302,'media/products/173754638_15_x.jpg','https://p1.liveauctioneers.com/1221/322565/173754638_15_x.jpg?&quality=80&version=1710881195','2024-04-17 07:49:09','2024-04-17 07:49:09',31),(303,'media/products/173754638_16_x.jpg','https://p1.liveauctioneers.com/1221/322565/173754638_16_x.jpg?&quality=80&version=1710881195','2024-04-17 07:49:09','2024-04-17 07:49:09',31),(304,'media/products/174384387_1_x.jpg','https://p1.liveauctioneers.com/1221/322565/174384387_1_x.jpg?&quality=80&version=1711386440','2024-04-17 07:49:09','2024-04-17 07:49:09',32),(305,'media/products/174384387_2_x.jpg','https://p1.liveauctioneers.com/1221/322565/174384387_2_x.jpg?&quality=80&version=1711386440','2024-04-17 07:49:09','2024-04-17 07:49:09',32),(306,'media/products/174384387_3_x.jpg','https://p1.liveauctioneers.com/1221/322565/174384387_3_x.jpg?&quality=80&version=1711386440','2024-04-17 07:49:09','2024-04-17 07:49:09',32),(307,'media/products/174384387_4_x.jpg','https://p1.liveauctioneers.com/1221/322565/174384387_4_x.jpg?&quality=80&version=1711386440','2024-04-17 07:49:09','2024-04-17 07:49:09',32),(308,'media/products/174384387_5_x.jpg','https://p1.liveauctioneers.com/1221/322565/174384387_5_x.jpg?&quality=80&version=1711386440','2024-04-17 07:49:09','2024-04-17 07:49:09',32),(309,'media/products/174384387_6_x.jpg','https://p1.liveauctioneers.com/1221/322565/174384387_6_x.jpg?&quality=80&version=1711386440','2024-04-17 07:49:09','2024-04-17 07:49:09',32),(310,'media/products/174384387_7_x.jpg','https://p1.liveauctioneers.com/1221/322565/174384387_7_x.jpg?&quality=80&version=1711386440','2024-04-17 07:49:09','2024-04-17 07:49:09',32),(311,'media/products/174232998_1_x.jpg','https://p1.liveauctioneers.com/5584/323748/174232998_1_x.jpg?&quality=80&version=1711486384','2024-04-17 07:49:09','2024-04-17 07:49:09',33),(312,'media/products/174194672_1_x.jpg','https://p1.liveauctioneers.com/4239/323655/174194672_1_x.jpg?&quality=80&version=1711741313','2024-04-17 07:49:09','2024-04-17 07:49:09',34),(313,'media/products/174194672_2_x.jpg','https://p1.liveauctioneers.com/4239/323655/174194672_2_x.jpg?&quality=80&version=1711741313','2024-04-17 07:49:09','2024-04-17 07:49:09',34),(314,'media/products/174194672_3_x.jpg','https://p1.liveauctioneers.com/4239/323655/174194672_3_x.jpg?&quality=80&version=1711741313','2024-04-17 07:49:09','2024-04-17 07:49:09',34),(315,'media/products/174194672_4_x.jpg','https://p1.liveauctioneers.com/4239/323655/174194672_4_x.jpg?&quality=80&version=1711741313','2024-04-17 07:49:09','2024-04-17 07:49:09',34),(316,'media/products/174194672_5_x.jpg','https://p1.liveauctioneers.com/4239/323655/174194672_5_x.jpg?&quality=80&version=1711741313','2024-04-17 07:49:09','2024-04-17 07:49:09',34),(317,'media/products/174194672_6_x.jpg','https://p1.liveauctioneers.com/4239/323655/174194672_6_x.jpg?&quality=80&version=1711741313','2024-04-17 07:49:09','2024-04-17 07:49:09',34),(318,'media/products/174194672_7_x.jpg','https://p1.liveauctioneers.com/4239/323655/174194672_7_x.jpg?&quality=80&version=1711741313','2024-04-17 07:49:09','2024-04-17 07:49:09',34),(319,'media/products/174194672_8_x.jpg','https://p1.liveauctioneers.com/4239/323655/174194672_8_x.jpg?&quality=80&version=1711741313','2024-04-17 07:49:09','2024-04-17 07:49:09',34),(320,'media/products/174194672_9_x.jpg','https://p1.liveauctioneers.com/4239/323655/174194672_9_x.jpg?&quality=80&version=1711741313','2024-04-17 07:49:09','2024-04-17 07:49:09',34),(321,'media/products/174194672_10_x.jpg','https://p1.liveauctioneers.com/4239/323655/174194672_10_x.jpg?&quality=80&version=1711741313','2024-04-17 07:49:09','2024-04-17 07:49:09',34),(322,'media/products/174194672_11_x.jpg','https://p1.liveauctioneers.com/4239/323655/174194672_11_x.jpg?&quality=80&version=1711741313','2024-04-17 07:49:09','2024-04-17 07:49:09',34),(323,'media/products/174163628_1_x.jpg','https://p1.liveauctioneers.com/5584/323584/174163628_1_x.jpg?&quality=80&version=1711486269','2024-04-17 07:49:09','2024-04-17 07:49:09',35),(324,'media/products/174163628_2_x.jpg','https://p1.liveauctioneers.com/5584/323584/174163628_2_x.jpg?&quality=80&version=1711486269','2024-04-17 07:49:09','2024-04-17 07:49:09',35),(325,'media/products/174163628_3_x.jpg','https://p1.liveauctioneers.com/5584/323584/174163628_3_x.jpg?&quality=80&version=1711486269','2024-04-17 07:49:09','2024-04-17 07:49:09',35),(326,'media/products/174163628_4_x.jpg','https://p1.liveauctioneers.com/5584/323584/174163628_4_x.jpg?&quality=80&version=1711486269','2024-04-17 07:49:09','2024-04-17 07:49:09',35),(327,'media/products/174163628_5_x.jpg','https://p1.liveauctioneers.com/5584/323584/174163628_5_x.jpg?&quality=80&version=1711486269','2024-04-17 07:49:09','2024-04-17 07:49:09',35),(328,'media/products/174163628_6_x.jpg','https://p1.liveauctioneers.com/5584/323584/174163628_6_x.jpg?&quality=80&version=1711486269','2024-04-17 07:49:09','2024-04-17 07:49:09',35),(329,'media/products/174163628_7_x.jpg','https://p1.liveauctioneers.com/5584/323584/174163628_7_x.jpg?&quality=80&version=1711486269','2024-04-17 07:49:09','2024-04-17 07:49:09',35),(330,'media/products/174163628_8_x.jpg','https://p1.liveauctioneers.com/5584/323584/174163628_8_x.jpg?&quality=80&version=1711486269','2024-04-17 07:49:09','2024-04-17 07:49:09',35),(331,'media/products/174163628_9_x.jpg','https://p1.liveauctioneers.com/5584/323584/174163628_9_x.jpg?&quality=80&version=1711486269','2024-04-17 07:49:09','2024-04-17 07:49:09',35),(332,'media/products/174163628_10_x.jpg','https://p1.liveauctioneers.com/5584/323584/174163628_10_x.jpg?&quality=80&version=1711486269','2024-04-17 07:49:09','2024-04-17 07:49:09',35),(333,'media/products/172162590_1_x.jpg','https://p1.liveauctioneers.com/3386/320358/172162590_1_x.jpg?&quality=80&version=1711500444','2024-04-17 07:49:09','2024-04-17 07:49:09',36),(334,'media/products/172162590_2_x.jpg','https://p1.liveauctioneers.com/3386/320358/172162590_2_x.jpg?&quality=80&version=1711500444','2024-04-17 07:49:09','2024-04-17 07:49:09',36),(335,'media/products/172162590_3_x.jpg','https://p1.liveauctioneers.com/3386/320358/172162590_3_x.jpg?&quality=80&version=1711500444','2024-04-17 07:49:09','2024-04-17 07:49:09',36),(336,'media/products/172162590_4_x.jpg','https://p1.liveauctioneers.com/3386/320358/172162590_4_x.jpg?&quality=80&version=1711500444','2024-04-17 07:49:09','2024-04-17 07:49:09',36),(337,'media/products/172162590_5_x.jpg','https://p1.liveauctioneers.com/3386/320358/172162590_5_x.jpg?&quality=80&version=1711500444','2024-04-17 07:49:09','2024-04-17 07:49:09',36),(338,'media/products/172162590_6_x.jpg','https://p1.liveauctioneers.com/3386/320358/172162590_6_x.jpg?&quality=80&version=1711500444','2024-04-17 07:49:09','2024-04-17 07:49:09',36),(339,'media/products/172162590_8_x.jpg','https://p1.liveauctioneers.com/3386/320358/172162590_8_x.jpg?&quality=80&version=1711500444','2024-04-17 07:49:09','2024-04-17 07:49:09',36),(340,'media/products/172162362_1_x.jpg','https://p1.liveauctioneers.com/3386/320358/172162362_1_x.jpg?&quality=80&version=1708808286','2024-04-17 07:49:09','2024-04-17 07:49:09',37),(341,'media/products/172162362_4_x.jpg','https://p1.liveauctioneers.com/3386/320358/172162362_4_x.jpg?&quality=80&version=1708808286','2024-04-17 07:49:09','2024-04-17 07:49:09',37),(342,'media/products/173555347_1_x.jpg','https://p1.liveauctioneers.com/6788/322744/173555347_1_x.jpg?&quality=80&version=1710452532','2024-04-17 07:49:09','2024-04-17 07:49:09',38),(343,'media/products/173555347_2_x.jpg','https://p1.liveauctioneers.com/6788/322744/173555347_2_x.jpg?&quality=80&version=1710452532','2024-04-17 07:49:09','2024-04-17 07:49:09',38),(344,'media/products/173555347_3_x.jpg','https://p1.liveauctioneers.com/6788/322744/173555347_3_x.jpg?&quality=80&version=1710452532','2024-04-17 07:49:09','2024-04-17 07:49:09',38),(345,'media/products/173555347_4_x.jpg','https://p1.liveauctioneers.com/6788/322744/173555347_4_x.jpg?&quality=80&version=1710452532','2024-04-17 07:49:09','2024-04-17 07:49:09',38),(346,'media/products/173555347_5_x.jpg','https://p1.liveauctioneers.com/6788/322744/173555347_5_x.jpg?&quality=80&version=1710452532','2024-04-17 07:49:09','2024-04-17 07:49:09',38),(347,'media/products/173555347_6_x.jpg','https://p1.liveauctioneers.com/6788/322744/173555347_6_x.jpg?&quality=80&version=1710452532','2024-04-17 07:49:09','2024-04-17 07:49:09',38),(348,'media/products/173555347_7_x.jpg','https://p1.liveauctioneers.com/6788/322744/173555347_7_x.jpg?&quality=80&version=1710452532','2024-04-17 07:49:09','2024-04-17 07:49:09',38),(349,'media/products/173555347_8_x.jpg','https://p1.liveauctioneers.com/6788/322744/173555347_8_x.jpg?&quality=80&version=1710452532','2024-04-17 07:49:09','2024-04-17 07:49:09',38),(350,'media/products/173555347_9_x.jpg','https://p1.liveauctioneers.com/6788/322744/173555347_9_x.jpg?&quality=80&version=1710452532','2024-04-17 07:49:09','2024-04-17 07:49:09',38),(351,'media/products/173555347_10_x.jpg','https://p1.liveauctioneers.com/6788/322744/173555347_10_x.jpg?&quality=80&version=1710452532','2024-04-17 07:49:09','2024-04-17 07:49:09',38),(352,'media/products/173555347_11_x.jpg','https://p1.liveauctioneers.com/6788/322744/173555347_11_x.jpg?&quality=80&version=1710452532','2024-04-17 07:49:09','2024-04-17 07:49:09',38),(353,'media/products/173555347_12_x.jpg','https://p1.liveauctioneers.com/6788/322744/173555347_12_x.jpg?&quality=80&version=1710452532','2024-04-17 07:49:09','2024-04-17 07:49:09',38),(354,'media/products/173555347_13_x.jpg','https://p1.liveauctioneers.com/6788/322744/173555347_13_x.jpg?&quality=80&version=1710452532','2024-04-17 07:49:09','2024-04-17 07:49:09',38),(355,'media/products/173251596_1_x.jpg','https://p1.liveauctioneers.com/7226/322253/173251596_1_x.jpg?&quality=80&version=1710004847','2024-04-17 07:49:09','2024-04-17 07:49:09',39),(356,'media/products/173251596_2_x.jpg','https://p1.liveauctioneers.com/7226/322253/173251596_2_x.jpg?&quality=80&version=1710004847','2024-04-17 07:49:09','2024-04-17 07:49:09',39),(357,'media/products/173251596_3_x.jpg','https://p1.liveauctioneers.com/7226/322253/173251596_3_x.jpg?&quality=80&version=1710004847','2024-04-17 07:49:09','2024-04-17 07:49:09',39),(358,'media/products/173251596_4_x.jpg','https://p1.liveauctioneers.com/7226/322253/173251596_4_x.jpg?&quality=80&version=1710004847','2024-04-17 07:49:09','2024-04-17 07:49:09',39),(359,'media/products/173251596_5_x.jpg','https://p1.liveauctioneers.com/7226/322253/173251596_5_x.jpg?&quality=80&version=1710004847','2024-04-17 07:49:09','2024-04-17 07:49:09',39),(360,'media/products/173251596_6_x.jpg','https://p1.liveauctioneers.com/7226/322253/173251596_6_x.jpg?&quality=80&version=1710004847','2024-04-17 07:49:09','2024-04-17 07:49:09',39),(361,'media/products/173251596_7_x.jpg','https://p1.liveauctioneers.com/7226/322253/173251596_7_x.jpg?&quality=80&version=1710004847','2024-04-17 07:49:09','2024-04-17 07:49:09',39),(362,'media/products/173251596_8_x.jpg','https://p1.liveauctioneers.com/7226/322253/173251596_8_x.jpg?&quality=80&version=1710004847','2024-04-17 07:49:09','2024-04-17 07:49:09',39),(363,'media/products/173251596_9_x.jpg','https://p1.liveauctioneers.com/7226/322253/173251596_9_x.jpg?&quality=80&version=1710004847','2024-04-17 07:49:09','2024-04-17 07:49:09',39),(364,'media/products/173251596_10_x.jpg','https://p1.liveauctioneers.com/7226/322253/173251596_10_x.jpg?&quality=80&version=1710004847','2024-04-17 07:49:09','2024-04-17 07:49:09',39),(365,'media/products/173251596_11_x.jpg','https://p1.liveauctioneers.com/7226/322253/173251596_11_x.jpg?&quality=80&version=1710004847','2024-04-17 07:49:09','2024-04-17 07:49:09',39),(366,'media/products/173251596_12_x.jpg','https://p1.liveauctioneers.com/7226/322253/173251596_12_x.jpg?&quality=80&version=1710004847','2024-04-17 07:49:09','2024-04-17 07:49:09',39),(367,'media/products/173251596_13_x.jpg','https://p1.liveauctioneers.com/7226/322253/173251596_13_x.jpg?&quality=80&version=1710004847','2024-04-17 07:49:09','2024-04-17 07:49:09',39),(368,'media/products/173251596_14_x.jpg','https://p1.liveauctioneers.com/7226/322253/173251596_14_x.jpg?&quality=80&version=1710004847','2024-04-17 07:49:09','2024-04-17 07:49:09',39),(369,'media/products/173251596_15_x.jpg','https://p1.liveauctioneers.com/7226/322253/173251596_15_x.jpg?&quality=80&version=1710004847','2024-04-17 07:49:09','2024-04-17 07:49:09',39),(370,'media/products/173251596_16_x.jpg','https://p1.liveauctioneers.com/7226/322253/173251596_16_x.jpg?&quality=80&version=1710004847','2024-04-17 07:49:09','2024-04-17 07:49:09',39),(371,'media/products/173251596_17_x.jpg','https://p1.liveauctioneers.com/7226/322253/173251596_17_x.jpg?&quality=80&version=1710004847','2024-04-17 07:49:09','2024-04-17 07:49:09',39),(372,'media/products/173251596_18_x.jpg','https://p1.liveauctioneers.com/7226/322253/173251596_18_x.jpg?&quality=80&version=1710004847','2024-04-17 07:49:09','2024-04-17 07:49:09',39),(373,'media/products/173251596_20_x.jpg','https://p1.liveauctioneers.com/7226/322253/173251596_20_x.jpg?&quality=80&version=1710004847','2024-04-17 07:49:09','2024-04-17 07:49:09',39),(374,'media/products/173155770_1_x.jpg','https://p1.liveauctioneers.com/249/322060/173155770_1_x.jpg?&quality=80&version=1709829765','2024-04-17 07:49:09','2024-04-17 07:49:09',40),(375,'media/products/173155770_2_x.jpg','https://p1.liveauctioneers.com/249/322060/173155770_2_x.jpg?&quality=80&version=1709829765','2024-04-17 07:49:09','2024-04-17 07:49:09',40),(376,'media/products/173155770_3_x.jpg','https://p1.liveauctioneers.com/249/322060/173155770_3_x.jpg?&quality=80&version=1709829765','2024-04-17 07:49:09','2024-04-17 07:49:09',40),(377,'media/products/173155770_4_x.jpg','https://p1.liveauctioneers.com/249/322060/173155770_4_x.jpg?&quality=80&version=1709829765','2024-04-17 07:49:09','2024-04-17 07:49:09',40),(378,'media/products/173155770_5_x.jpg','https://p1.liveauctioneers.com/249/322060/173155770_5_x.jpg?&quality=80&version=1709829765','2024-04-17 07:49:09','2024-04-17 07:49:09',40),(379,'media/products/173155770_6_x.jpg','https://p1.liveauctioneers.com/249/322060/173155770_6_x.jpg?&quality=80&version=1709829765','2024-04-17 07:49:09','2024-04-17 07:49:09',40),(380,'media/products/173155770_7_x.jpg','https://p1.liveauctioneers.com/249/322060/173155770_7_x.jpg?&quality=80&version=1709829765','2024-04-17 07:49:09','2024-04-17 07:49:09',40),(381,'media/products/173155770_8_x.jpg','https://p1.liveauctioneers.com/249/322060/173155770_8_x.jpg?&quality=80&version=1709829765','2024-04-17 07:49:09','2024-04-17 07:49:09',40),(382,'media/products/173155770_9_x.jpg','https://p1.liveauctioneers.com/249/322060/173155770_9_x.jpg?&quality=80&version=1709829765','2024-04-17 07:49:09','2024-04-17 07:49:09',40),(383,'media/products/171983982_1_x.jpg','https://p1.liveauctioneers.com/3386/320022/171983982_1_x.jpg?&quality=80&version=1708808242','2024-04-17 07:49:09','2024-04-17 07:49:09',41),(384,'media/products/171983982_3_x.jpg','https://p1.liveauctioneers.com/3386/320022/171983982_3_x.jpg?&quality=80&version=1708808242','2024-04-17 07:49:09','2024-04-17 07:49:09',41),(385,'media/products/171983982_4_x.jpg','https://p1.liveauctioneers.com/3386/320022/171983982_4_x.jpg?&quality=80&version=1708808242','2024-04-17 07:49:09','2024-04-17 07:49:09',41),(386,'media/products/171983982_5_x.jpg','https://p1.liveauctioneers.com/3386/320022/171983982_5_x.jpg?&quality=80&version=1708808242','2024-04-17 07:49:09','2024-04-17 07:49:09',41),(387,'media/products/171983982_6_x.jpg','https://p1.liveauctioneers.com/3386/320022/171983982_6_x.jpg?&quality=80&version=1708808242','2024-04-17 07:49:09','2024-04-17 07:49:09',41),(388,'media/products/171983982_7_x.jpg','https://p1.liveauctioneers.com/3386/320022/171983982_7_x.jpg?&quality=80&version=1708808242','2024-04-17 07:49:09','2024-04-17 07:49:09',41),(389,'media/products/174275781_1_x.jpg','https://p1.liveauctioneers.com/5584/323841/174275781_1_x.jpg?&quality=80&version=1711486124','2024-04-17 07:49:09','2024-04-17 07:49:09',42),(390,'media/products/174275781_2_x.jpg','https://p1.liveauctioneers.com/5584/323841/174275781_2_x.jpg?&quality=80&version=1711486124','2024-04-17 07:49:09','2024-04-17 07:49:09',42),(391,'media/products/174275781_3_x.jpg','https://p1.liveauctioneers.com/5584/323841/174275781_3_x.jpg?&quality=80&version=1711486124','2024-04-17 07:49:09','2024-04-17 07:49:09',42),(392,'media/products/174275781_4_x.jpg','https://p1.liveauctioneers.com/5584/323841/174275781_4_x.jpg?&quality=80&version=1711486124','2024-04-17 07:49:09','2024-04-17 07:49:09',42),(393,'media/products/174275781_5_x.jpg','https://p1.liveauctioneers.com/5584/323841/174275781_5_x.jpg?&quality=80&version=1711486124','2024-04-17 07:49:09','2024-04-17 07:49:09',42),(394,'media/products/174275781_6_x.jpg','https://p1.liveauctioneers.com/5584/323841/174275781_6_x.jpg?&quality=80&version=1711486124','2024-04-17 07:49:09','2024-04-17 07:49:09',42),(395,'media/products/174275781_7_x.jpg','https://p1.liveauctioneers.com/5584/323841/174275781_7_x.jpg?&quality=80&version=1711486124','2024-04-17 07:49:09','2024-04-17 07:49:09',42),(396,'media/products/174275781_8_x.jpg','https://p1.liveauctioneers.com/5584/323841/174275781_8_x.jpg?&quality=80&version=1711486124','2024-04-17 07:49:09','2024-04-17 07:49:09',42),(397,'media/products/174275781_9_x.jpg','https://p1.liveauctioneers.com/5584/323841/174275781_9_x.jpg?&quality=80&version=1711486124','2024-04-17 07:49:09','2024-04-17 07:49:09',42),(398,'media/products/174275781_10_x.jpg','https://p1.liveauctioneers.com/5584/323841/174275781_10_x.jpg?&quality=80&version=1711486124','2024-04-17 07:49:09','2024-04-17 07:49:09',42),(399,'media/products/174275781_11_x.jpg','https://p1.liveauctioneers.com/5584/323841/174275781_11_x.jpg?&quality=80&version=1711486124','2024-04-17 07:49:09','2024-04-17 07:49:09',42),(400,'media/products/174275781_12_x.jpg','https://p1.liveauctioneers.com/5584/323841/174275781_12_x.jpg?&quality=80&version=1711486124','2024-04-17 07:49:09','2024-04-17 07:49:09',42),(401,'media/products/173885963_1_x.jpg','https://p1.liveauctioneers.com/5584/323323/173885963_1_x.jpg?&quality=80&version=1711482416','2024-04-17 07:49:09','2024-04-17 07:49:09',43),(402,'media/products/173885963_2_x.jpg','https://p1.liveauctioneers.com/5584/323323/173885963_2_x.jpg?&quality=80&version=1711482416','2024-04-17 07:49:09','2024-04-17 07:49:09',43),(403,'media/products/173885963_3_x.jpg','https://p1.liveauctioneers.com/5584/323323/173885963_3_x.jpg?&quality=80&version=1711482416','2024-04-17 07:49:09','2024-04-17 07:49:09',43),(404,'media/products/173885963_4_x.jpg','https://p1.liveauctioneers.com/5584/323323/173885963_4_x.jpg?&quality=80&version=1711482416','2024-04-17 07:49:09','2024-04-17 07:49:09',43),(405,'media/products/173885959_1_x.jpg','https://p1.liveauctioneers.com/5584/323323/173885959_1_x.jpg?&quality=80&version=1711482416','2024-04-17 07:49:09','2024-04-17 07:49:09',44),(406,'media/products/173885959_2_x.jpg','https://p1.liveauctioneers.com/5584/323323/173885959_2_x.jpg?&quality=80&version=1711482416','2024-04-17 07:49:09','2024-04-17 07:49:09',44),(407,'media/products/173885959_3_x.jpg','https://p1.liveauctioneers.com/5584/323323/173885959_3_x.jpg?&quality=80&version=1711482416','2024-04-17 07:49:09','2024-04-17 07:49:09',44),(408,'media/products/173885959_4_x.jpg','https://p1.liveauctioneers.com/5584/323323/173885959_4_x.jpg?&quality=80&version=1711482416','2024-04-17 07:49:09','2024-04-17 07:49:09',44),(409,'media/products/173998895_1_x.jpg','https://p1.liveauctioneers.com/7804/323421/173998895_1_x.jpg?&quality=80&version=1711046565','2024-04-17 07:49:09','2024-04-17 07:49:09',45),(410,'media/products/173998895_2_x.jpg','https://p1.liveauctioneers.com/7804/323421/173998895_2_x.jpg?&quality=80&version=1711046565','2024-04-17 07:49:09','2024-04-17 07:49:09',45),(411,'media/products/174414912_1_x.jpg','https://p1.liveauctioneers.com/2699/324084/174414912_1_x.jpg?&quality=80&version=1711485923','2024-04-17 07:49:09','2024-04-17 07:49:09',46),(412,'media/products/174414912_2_x.jpg','https://p1.liveauctioneers.com/2699/324084/174414912_2_x.jpg?&quality=80&version=1711485923','2024-04-17 07:49:09','2024-04-17 07:49:09',46),(413,'media/products/174414912_3_x.jpg','https://p1.liveauctioneers.com/2699/324084/174414912_3_x.jpg?&quality=80&version=1711485923','2024-04-17 07:49:09','2024-04-17 07:49:09',46),(414,'media/products/174013445_1_x.jpg','https://p1.liveauctioneers.com/7804/323429/174013445_1_x.jpg?&quality=80&version=1711135006','2024-04-17 07:49:09','2024-04-17 07:49:09',47),(415,'media/products/174013445_2_x.jpg','https://p1.liveauctioneers.com/7804/323429/174013445_2_x.jpg?&quality=80&version=1711135006','2024-04-17 07:49:09','2024-04-17 07:49:09',47),(416,'media/products/173991284_1_x.jpg','https://p1.liveauctioneers.com/7804/323415/173991284_1_x.jpg?&quality=80&version=1711046148','2024-04-17 07:49:09','2024-04-17 07:49:09',48),(417,'media/products/169047965_1_x.jpg','https://p1.liveauctioneers.com/3209/314645/169047965_1_x.jpg?&quality=80&version=1704651523','2024-04-17 07:49:09','2024-04-17 07:49:09',49),(418,'media/products/169047965_2_x.jpg','https://p1.liveauctioneers.com/3209/314645/169047965_2_x.jpg?&quality=80&version=1704651523','2024-04-17 07:49:09','2024-04-17 07:49:09',49),(419,'media/products/174414924_1_x.jpg','https://p1.liveauctioneers.com/2699/324084/174414924_1_x.jpg?&quality=80&version=1711485923','2024-04-17 07:49:09','2024-04-17 07:49:09',50),(420,'media/products/174699421_1_x.jpg','https://p1.liveauctioneers.com/6667/324660/174699421_1_x.jpg?&quality=80&version=1711739311','2024-04-17 07:49:09','2024-04-17 07:49:09',51),(421,'media/products/174699421_2_x.jpg','https://p1.liveauctioneers.com/6667/324660/174699421_2_x.jpg?&quality=80&version=1711739311','2024-04-17 07:49:09','2024-04-17 07:49:09',51),(422,'media/products/174699421_3_x.jpg','https://p1.liveauctioneers.com/6667/324660/174699421_3_x.jpg?&quality=80&version=1711739311','2024-04-17 07:49:09','2024-04-17 07:49:09',51),(423,'media/products/172188688_1_x.jpg','https://p1.liveauctioneers.com/2953/319955/172188688_1_x.jpg?&quality=80&version=1710610912','2024-04-17 07:49:09','2024-04-17 07:49:09',52),(424,'media/products/172188688_2_x.jpg','https://p1.liveauctioneers.com/2953/319955/172188688_2_x.jpg?&quality=80&version=1710610912','2024-04-17 07:49:09','2024-04-17 07:49:09',52),(425,'media/products/172188688_3_x.jpg','https://p1.liveauctioneers.com/2953/319955/172188688_3_x.jpg?&quality=80&version=1710610912','2024-04-17 07:49:09','2024-04-17 07:49:09',52),(426,'media/products/172188688_4_x.jpg','https://p1.liveauctioneers.com/2953/319955/172188688_4_x.jpg?&quality=80&version=1710610912','2024-04-17 07:49:09','2024-04-17 07:49:09',52),(427,'media/products/172188688_5_x.jpg','https://p1.liveauctioneers.com/2953/319955/172188688_5_x.jpg?&quality=80&version=1710610912','2024-04-17 07:49:09','2024-04-17 07:49:09',52),(428,'media/products/172188688_6_x.jpg','https://p1.liveauctioneers.com/2953/319955/172188688_6_x.jpg?&quality=80&version=1710610912','2024-04-17 07:49:09','2024-04-17 07:49:09',52),(429,'media/products/172188688_7_x.jpg','https://p1.liveauctioneers.com/2953/319955/172188688_7_x.jpg?&quality=80&version=1710610912','2024-04-17 07:49:09','2024-04-17 07:49:09',52),(430,'media/products/173858157_1_x.jpg','https://p1.liveauctioneers.com/2095/323258/173858157_1_x.jpg?&quality=80&version=1710867784','2024-04-17 07:49:09','2024-04-17 07:49:09',53),(431,'media/products/173858157_2_x.jpg','https://p1.liveauctioneers.com/2095/323258/173858157_2_x.jpg?&quality=80&version=1710867784','2024-04-17 07:49:09','2024-04-17 07:49:09',53),(432,'media/products/173858157_3_x.jpg','https://p1.liveauctioneers.com/2095/323258/173858157_3_x.jpg?&quality=80&version=1710867784','2024-04-17 07:49:09','2024-04-17 07:49:09',53),(433,'media/products/173858157_4_x.jpg','https://p1.liveauctioneers.com/2095/323258/173858157_4_x.jpg?&quality=80&version=1710867784','2024-04-17 07:49:09','2024-04-17 07:49:09',53),(434,'media/products/173858157_5_x.jpg','https://p1.liveauctioneers.com/2095/323258/173858157_5_x.jpg?&quality=80&version=1710867784','2024-04-17 07:49:09','2024-04-17 07:49:09',53),(435,'media/products/173858179_1_x.jpg','https://p1.liveauctioneers.com/2095/323258/173858179_1_x.jpg?&quality=80&version=1710867784','2024-04-17 07:49:09','2024-04-17 07:49:09',54),(436,'media/products/173858179_2_x.jpg','https://p1.liveauctioneers.com/2095/323258/173858179_2_x.jpg?&quality=80&version=1710867784','2024-04-17 07:49:09','2024-04-17 07:49:09',54),(437,'media/products/173858179_3_x.jpg','https://p1.liveauctioneers.com/2095/323258/173858179_3_x.jpg?&quality=80&version=1710867784','2024-04-17 07:49:09','2024-04-17 07:49:09',54),(438,'media/products/173858179_4_x.jpg','https://p1.liveauctioneers.com/2095/323258/173858179_4_x.jpg?&quality=80&version=1710867784','2024-04-17 07:49:09','2024-04-17 07:49:09',54),(439,'media/products/173858179_5_x.jpg','https://p1.liveauctioneers.com/2095/323258/173858179_5_x.jpg?&quality=80&version=1710867784','2024-04-17 07:49:09','2024-04-17 07:49:09',54),(440,'media/products/173858179_6_x.jpg','https://p1.liveauctioneers.com/2095/323258/173858179_6_x.jpg?&quality=80&version=1710867784','2024-04-17 07:49:09','2024-04-17 07:49:09',54),(441,'media/products/174085266_1_x.jpg','https://p1.liveauctioneers.com/1224/323483/174085266_1_x.jpg?&quality=80&version=1710970369','2024-04-17 07:49:09','2024-04-17 07:49:09',55),(442,'media/products/174085266_2_x.jpg','https://p1.liveauctioneers.com/1224/323483/174085266_2_x.jpg?&quality=80&version=1710970369','2024-04-17 07:49:09','2024-04-17 07:49:09',55),(443,'media/products/174085266_3_x.jpg','https://p1.liveauctioneers.com/1224/323483/174085266_3_x.jpg?&quality=80&version=1710970369','2024-04-17 07:49:09','2024-04-17 07:49:09',55),(444,'media/products/174085266_4_x.jpg','https://p1.liveauctioneers.com/1224/323483/174085266_4_x.jpg?&quality=80&version=1710970369','2024-04-17 07:49:09','2024-04-17 07:49:09',55),(445,'media/products/174085266_5_x.jpg','https://p1.liveauctioneers.com/1224/323483/174085266_5_x.jpg?&quality=80&version=1710970369','2024-04-17 07:49:09','2024-04-17 07:49:09',55),(446,'media/products/173991394_1_x.jpg','https://p1.liveauctioneers.com/6801/323414/173991394_1_x.jpg?&quality=80&version=1710965451','2024-04-17 07:49:09','2024-04-17 07:49:09',56),(447,'media/products/173991394_2_x.jpg','https://p1.liveauctioneers.com/6801/323414/173991394_2_x.jpg?&quality=80&version=1710965451','2024-04-17 07:49:09','2024-04-17 07:49:09',56),(448,'media/products/173991394_3_x.jpg','https://p1.liveauctioneers.com/6801/323414/173991394_3_x.jpg?&quality=80&version=1710965451','2024-04-17 07:49:09','2024-04-17 07:49:09',56),(449,'media/products/173976754_1_x.jpg','https://p1.liveauctioneers.com/7804/323405/173976754_1_x.jpg?&quality=80&version=1710961110','2024-04-17 07:49:09','2024-04-17 07:49:09',57),(450,'media/products/173976754_2_x.jpg','https://p1.liveauctioneers.com/7804/323405/173976754_2_x.jpg?&quality=80&version=1710961110','2024-04-17 07:49:09','2024-04-17 07:49:09',57),(451,'media/products/173976754_3_x.jpg','https://p1.liveauctioneers.com/7804/323405/173976754_3_x.jpg?&quality=80&version=1710961110','2024-04-17 07:49:09','2024-04-17 07:49:09',57),(452,'media/products/173976754_4_x.jpg','https://p1.liveauctioneers.com/7804/323405/173976754_4_x.jpg?&quality=80&version=1710961110','2024-04-17 07:49:09','2024-04-17 07:49:09',57),(453,'media/products/173976754_5_x.jpg','https://p1.liveauctioneers.com/7804/323405/173976754_5_x.jpg?&quality=80&version=1710961110','2024-04-17 07:49:09','2024-04-17 07:49:09',57),(454,'media/products/173976754_6_x.jpg','https://p1.liveauctioneers.com/7804/323405/173976754_6_x.jpg?&quality=80&version=1710961110','2024-04-17 07:49:09','2024-04-17 07:49:09',57),(455,'media/products/173976754_7_x.jpg','https://p1.liveauctioneers.com/7804/323405/173976754_7_x.jpg?&quality=80&version=1710961110','2024-04-17 07:49:09','2024-04-17 07:49:09',57),(456,'media/products/173976754_8_x.jpg','https://p1.liveauctioneers.com/7804/323405/173976754_8_x.jpg?&quality=80&version=1710961110','2024-04-17 07:49:09','2024-04-17 07:49:09',57),(457,'media/products/173976754_9_x.jpg','https://p1.liveauctioneers.com/7804/323405/173976754_9_x.jpg?&quality=80&version=1710961110','2024-04-17 07:49:09','2024-04-17 07:49:09',57),(458,'media/products/173976754_10_x.jpg','https://p1.liveauctioneers.com/7804/323405/173976754_10_x.jpg?&quality=80&version=1710961110','2024-04-17 07:49:09','2024-04-17 07:49:09',57),(459,'media/products/173976754_11_x.jpg','https://p1.liveauctioneers.com/7804/323405/173976754_11_x.jpg?&quality=80&version=1710961110','2024-04-17 07:49:09','2024-04-17 07:49:09',57),(460,'media/products/173976754_12_x.jpg','https://p1.liveauctioneers.com/7804/323405/173976754_12_x.jpg?&quality=80&version=1710961110','2024-04-17 07:49:09','2024-04-17 07:49:09',57),(461,'media/products/173976754_13_x.jpg','https://p1.liveauctioneers.com/7804/323405/173976754_13_x.jpg?&quality=80&version=1710961110','2024-04-17 07:49:09','2024-04-17 07:49:09',57),(462,'media/products/173976754_14_x.jpg','https://p1.liveauctioneers.com/7804/323405/173976754_14_x.jpg?&quality=80&version=1710961110','2024-04-17 07:49:09','2024-04-17 07:49:09',57),(463,'media/products/173976754_15_x.jpg','https://p1.liveauctioneers.com/7804/323405/173976754_15_x.jpg?&quality=80&version=1710961110','2024-04-17 07:49:09','2024-04-17 07:49:09',57),(464,'media/products/173976754_16_x.jpg','https://p1.liveauctioneers.com/7804/323405/173976754_16_x.jpg?&quality=80&version=1710961110','2024-04-17 07:49:09','2024-04-17 07:49:09',57),(465,'media/products/173976754_17_x.jpg','https://p1.liveauctioneers.com/7804/323405/173976754_17_x.jpg?&quality=80&version=1710961110','2024-04-17 07:49:09','2024-04-17 07:49:09',57),(466,'media/products/172270115_1_x.jpg','https://p1.liveauctioneers.com/999/320712/172270115_1_x.jpg?&quality=80&version=1708793021','2024-04-17 07:49:09','2024-04-17 07:49:09',58),(467,'media/products/172270115_2_x.jpg','https://p1.liveauctioneers.com/999/320712/172270115_2_x.jpg?&quality=80&version=1708793021','2024-04-17 07:49:09','2024-04-17 07:49:09',58),(468,'media/products/172270115_3_x.jpg','https://p1.liveauctioneers.com/999/320712/172270115_3_x.jpg?&quality=80&version=1708793021','2024-04-17 07:49:09','2024-04-17 07:49:09',58),(469,'media/products/172270115_4_x.jpg','https://p1.liveauctioneers.com/999/320712/172270115_4_x.jpg?&quality=80&version=1708793021','2024-04-17 07:49:09','2024-04-17 07:49:09',58),(470,'media/products/172270115_5_x.jpg','https://p1.liveauctioneers.com/999/320712/172270115_5_x.jpg?&quality=80&version=1708793021','2024-04-17 07:49:09','2024-04-17 07:49:09',58),(471,'media/products/172270115_6_x.jpg','https://p1.liveauctioneers.com/999/320712/172270115_6_x.jpg?&quality=80&version=1708793021','2024-04-17 07:49:09','2024-04-17 07:49:09',58),(472,'media/products/172270115_7_x.jpg','https://p1.liveauctioneers.com/999/320712/172270115_7_x.jpg?&quality=80&version=1708793021','2024-04-17 07:49:09','2024-04-17 07:49:09',58),(473,'media/products/172270115_8_x.jpg','https://p1.liveauctioneers.com/999/320712/172270115_8_x.jpg?&quality=80&version=1708793021','2024-04-17 07:49:09','2024-04-17 07:49:09',58),(474,'media/products/172270115_9_x.jpg','https://p1.liveauctioneers.com/999/320712/172270115_9_x.jpg?&quality=80&version=1708793021','2024-04-17 07:49:09','2024-04-17 07:49:09',58),(475,'media/products/174084880_1_x.jpg','https://p1.liveauctioneers.com/1224/323483/174084880_1_x.jpg?&quality=80&version=1710970369','2024-04-17 07:49:09','2024-04-17 07:49:09',59),(476,'media/products/174084880_2_x.jpg','https://p1.liveauctioneers.com/1224/323483/174084880_2_x.jpg?&quality=80&version=1710970369','2024-04-17 07:49:09','2024-04-17 07:49:09',59),(477,'media/products/174084880_3_x.jpg','https://p1.liveauctioneers.com/1224/323483/174084880_3_x.jpg?&quality=80&version=1710970369','2024-04-17 07:49:09','2024-04-17 07:49:09',59),(478,'media/products/174084880_4_x.jpg','https://p1.liveauctioneers.com/1224/323483/174084880_4_x.jpg?&quality=80&version=1710970369','2024-04-17 07:49:09','2024-04-17 07:49:09',59),(479,'media/products/174084880_5_x.jpg','https://p1.liveauctioneers.com/1224/323483/174084880_5_x.jpg?&quality=80&version=1710970369','2024-04-17 07:49:09','2024-04-17 07:49:09',59),(480,'media/products/174084880_6_x.jpg','https://p1.liveauctioneers.com/1224/323483/174084880_6_x.jpg?&quality=80&version=1710970369','2024-04-17 07:49:09','2024-04-17 07:49:09',59),(481,'media/products/174084880_7_x.jpg','https://p1.liveauctioneers.com/1224/323483/174084880_7_x.jpg?&quality=80&version=1710970369','2024-04-17 07:49:09','2024-04-17 07:49:09',59),(482,'media/products/174084880_8_x.jpg','https://p1.liveauctioneers.com/1224/323483/174084880_8_x.jpg?&quality=80&version=1710970369','2024-04-17 07:49:09','2024-04-17 07:49:09',59),(483,'media/products/174084880_9_x.jpg','https://p1.liveauctioneers.com/1224/323483/174084880_9_x.jpg?&quality=80&version=1710970369','2024-04-17 07:49:09','2024-04-17 07:49:09',59),(484,'media/products/174084880_10_x.jpg','https://p1.liveauctioneers.com/1224/323483/174084880_10_x.jpg?&quality=80&version=1710970369','2024-04-17 07:49:09','2024-04-17 07:49:09',59),(485,'media/products/172270224_1_x.jpg','https://p1.liveauctioneers.com/999/320712/172270224_1_x.jpg?&quality=80&version=1708793021','2024-04-17 07:49:09','2024-04-17 07:49:09',60),(486,'media/products/172270224_2_x.jpg','https://p1.liveauctioneers.com/999/320712/172270224_2_x.jpg?&quality=80&version=1708793021','2024-04-17 07:49:09','2024-04-17 07:49:09',60),(487,'media/products/172270224_3_x.jpg','https://p1.liveauctioneers.com/999/320712/172270224_3_x.jpg?&quality=80&version=1708793021','2024-04-17 07:49:09','2024-04-17 07:49:09',60),(488,'media/products/172270224_4_x.jpg','https://p1.liveauctioneers.com/999/320712/172270224_4_x.jpg?&quality=80&version=1708793021','2024-04-17 07:49:09','2024-04-17 07:49:09',60),(489,'media/products/172270224_5_x.jpg','https://p1.liveauctioneers.com/999/320712/172270224_5_x.jpg?&quality=80&version=1708793021','2024-04-17 07:49:09','2024-04-17 07:49:09',60),(490,'media/products/173858174_1_x.jpg','https://p1.liveauctioneers.com/2095/323258/173858174_1_x.jpg?&quality=80&version=1710867784','2024-04-17 07:49:09','2024-04-17 07:49:09',61),(491,'media/products/173858174_2_x.jpg','https://p1.liveauctioneers.com/2095/323258/173858174_2_x.jpg?&quality=80&version=1710867784','2024-04-17 07:49:09','2024-04-17 07:49:09',61),(492,'media/products/173858174_3_x.jpg','https://p1.liveauctioneers.com/2095/323258/173858174_3_x.jpg?&quality=80&version=1710867784','2024-04-17 07:49:09','2024-04-17 07:49:09',61),(493,'media/products/173858174_4_x.jpg','https://p1.liveauctioneers.com/2095/323258/173858174_4_x.jpg?&quality=80&version=1710867784','2024-04-17 07:49:09','2024-04-17 07:49:09',61),(494,'media/products/173858174_5_x.jpg','https://p1.liveauctioneers.com/2095/323258/173858174_5_x.jpg?&quality=80&version=1710867784','2024-04-17 07:49:09','2024-04-17 07:49:09',61),(495,'media/products/173858174_6_x.jpg','https://p1.liveauctioneers.com/2095/323258/173858174_6_x.jpg?&quality=80&version=1710867784','2024-04-17 07:49:09','2024-04-17 07:49:09',61),(496,'media/products/174242158_1_x.jpg','https://p1.liveauctioneers.com/5584/323773/174242158_1_x.jpg?&quality=80&version=1711486269','2024-04-17 07:49:09','2024-04-17 07:49:09',62),(497,'media/products/174242158_2_x.jpg','https://p1.liveauctioneers.com/5584/323773/174242158_2_x.jpg?&quality=80&version=1711486269','2024-04-17 07:49:09','2024-04-17 07:49:09',62),(498,'media/products/174242158_3_x.jpg','https://p1.liveauctioneers.com/5584/323773/174242158_3_x.jpg?&quality=80&version=1711486269','2024-04-17 07:49:09','2024-04-17 07:49:09',62),(499,'media/products/174242158_4_x.jpg','https://p1.liveauctioneers.com/5584/323773/174242158_4_x.jpg?&quality=80&version=1711486269','2024-04-17 07:49:09','2024-04-17 07:49:09',62),(500,'media/products/174242158_5_x.jpg','https://p1.liveauctioneers.com/5584/323773/174242158_5_x.jpg?&quality=80&version=1711486269','2024-04-17 07:49:09','2024-04-17 07:49:09',62),(501,'media/products/174242158_6_x.jpg','https://p1.liveauctioneers.com/5584/323773/174242158_6_x.jpg?&quality=80&version=1711486269','2024-04-17 07:49:09','2024-04-17 07:49:09',62),(502,'media/products/174242158_7_x.jpg','https://p1.liveauctioneers.com/5584/323773/174242158_7_x.jpg?&quality=80&version=1711486269','2024-04-17 07:49:09','2024-04-17 07:49:09',62),(503,'media/products/174242158_8_x.jpg','https://p1.liveauctioneers.com/5584/323773/174242158_8_x.jpg?&quality=80&version=1711486269','2024-04-17 07:49:09','2024-04-17 07:49:09',62),(504,'media/products/174242158_9_x.jpg','https://p1.liveauctioneers.com/5584/323773/174242158_9_x.jpg?&quality=80&version=1711486269','2024-04-17 07:49:09','2024-04-17 07:49:09',62),(505,'media/products/174242158_10_x.jpg','https://p1.liveauctioneers.com/5584/323773/174242158_10_x.jpg?&quality=80&version=1711486269','2024-04-17 07:49:09','2024-04-17 07:49:09',62),(506,'media/products/174242158_11_x.jpg','https://p1.liveauctioneers.com/5584/323773/174242158_11_x.jpg?&quality=80&version=1711486269','2024-04-17 07:49:09','2024-04-17 07:49:09',62),(507,'media/products/174242158_12_x.jpg','https://p1.liveauctioneers.com/5584/323773/174242158_12_x.jpg?&quality=80&version=1711486269','2024-04-17 07:49:09','2024-04-17 07:49:09',62),(508,'media/products/174242158_13_x.jpg','https://p1.liveauctioneers.com/5584/323773/174242158_13_x.jpg?&quality=80&version=1711486269','2024-04-17 07:49:09','2024-04-17 07:49:09',62),(509,'media/products/174242158_14_x.jpg','https://p1.liveauctioneers.com/5584/323773/174242158_14_x.jpg?&quality=80&version=1711486269','2024-04-17 07:49:09','2024-04-17 07:49:09',62),(510,'media/products/174242158_15_x.jpg','https://p1.liveauctioneers.com/5584/323773/174242158_15_x.jpg?&quality=80&version=1711486269','2024-04-17 07:49:09','2024-04-17 07:49:09',62),(511,'media/products/174242158_16_x.jpg','https://p1.liveauctioneers.com/5584/323773/174242158_16_x.jpg?&quality=80&version=1711486269','2024-04-17 07:49:09','2024-04-17 07:49:09',62),(512,'media/products/174242158_17_x.jpg','https://p1.liveauctioneers.com/5584/323773/174242158_17_x.jpg?&quality=80&version=1711486269','2024-04-17 07:49:09','2024-04-17 07:49:09',62),(513,'media/products/174242158_18_x.jpg','https://p1.liveauctioneers.com/5584/323773/174242158_18_x.jpg?&quality=80&version=1711486269','2024-04-17 07:49:09','2024-04-17 07:49:09',62),(514,'media/products/174242158_19_x.jpg','https://p1.liveauctioneers.com/5584/323773/174242158_19_x.jpg?&quality=80&version=1711486269','2024-04-17 07:49:09','2024-04-17 07:49:09',62),(515,'media/products/174242158_20_x.jpg','https://p1.liveauctioneers.com/5584/323773/174242158_20_x.jpg?&quality=80&version=1711486269','2024-04-17 07:49:09','2024-04-17 07:49:09',62),(516,'media/products/172227418_1_x.jpg','https://p1.liveauctioneers.com/5649/320533/172227418_1_x.jpg?&quality=80&version=1708708602','2024-04-17 07:49:09','2024-04-17 07:49:09',63),(517,'media/products/172227418_2_x.jpg','https://p1.liveauctioneers.com/5649/320533/172227418_2_x.jpg?&quality=80&version=1708708602','2024-04-17 07:49:09','2024-04-17 07:49:09',63),(518,'media/products/172227418_3_x.jpg','https://p1.liveauctioneers.com/5649/320533/172227418_3_x.jpg?&quality=80&version=1708708602','2024-04-17 07:49:09','2024-04-17 07:49:09',63),(519,'media/products/172227418_4_x.jpg','https://p1.liveauctioneers.com/5649/320533/172227418_4_x.jpg?&quality=80&version=1708708602','2024-04-17 07:49:09','2024-04-17 07:49:09',63),(520,'media/products/172227418_5_x.jpg','https://p1.liveauctioneers.com/5649/320533/172227418_5_x.jpg?&quality=80&version=1708708602','2024-04-17 07:49:09','2024-04-17 07:49:09',63),(521,'media/products/172227418_6_x.jpg','https://p1.liveauctioneers.com/5649/320533/172227418_6_x.jpg?&quality=80&version=1708708602','2024-04-17 07:49:09','2024-04-17 07:49:09',63),(522,'media/products/172227459_1_x.jpg','https://p1.liveauctioneers.com/5649/320533/172227459_1_x.jpg?&quality=80&version=1708708602','2024-04-17 07:49:09','2024-04-17 07:49:09',64),(523,'media/products/172227459_2_x.jpg','https://p1.liveauctioneers.com/5649/320533/172227459_2_x.jpg?&quality=80&version=1708708602','2024-04-17 07:49:09','2024-04-17 07:49:09',64),(524,'media/products/172227459_3_x.jpg','https://p1.liveauctioneers.com/5649/320533/172227459_3_x.jpg?&quality=80&version=1708708602','2024-04-17 07:49:09','2024-04-17 07:49:09',64),(525,'media/products/172227459_4_x.jpg','https://p1.liveauctioneers.com/5649/320533/172227459_4_x.jpg?&quality=80&version=1708708602','2024-04-17 07:49:09','2024-04-17 07:49:09',64),(526,'media/products/172227459_5_x.jpg','https://p1.liveauctioneers.com/5649/320533/172227459_5_x.jpg?&quality=80&version=1708708602','2024-04-17 07:49:09','2024-04-17 07:49:09',64),(527,'media/products/172227459_6_x.jpg','https://p1.liveauctioneers.com/5649/320533/172227459_6_x.jpg?&quality=80&version=1708708602','2024-04-17 07:49:09','2024-04-17 07:49:09',64),(528,'media/products/172227459_7_x.jpg','https://p1.liveauctioneers.com/5649/320533/172227459_7_x.jpg?&quality=80&version=1708708602','2024-04-17 07:49:09','2024-04-17 07:49:09',64),(529,'media/products/173361664_1_x.jpg','https://p1.liveauctioneers.com/3283/322390/173361664_1_x.jpg?&quality=80&version=1710182168','2024-04-17 07:49:09','2024-04-17 07:49:09',65),(530,'media/products/173361664_2_x.jpg','https://p1.liveauctioneers.com/3283/322390/173361664_2_x.jpg?&quality=80&version=1710182168','2024-04-17 07:49:09','2024-04-17 07:49:09',65),(531,'media/products/173361664_3_x.jpg','https://p1.liveauctioneers.com/3283/322390/173361664_3_x.jpg?&quality=80&version=1710182168','2024-04-17 07:49:09','2024-04-17 07:49:09',65),(532,'media/products/173361664_4_x.jpg','https://p1.liveauctioneers.com/3283/322390/173361664_4_x.jpg?&quality=80&version=1710182168','2024-04-17 07:49:09','2024-04-17 07:49:09',65),(533,'media/products/173361664_5_x.jpg','https://p1.liveauctioneers.com/3283/322390/173361664_5_x.jpg?&quality=80&version=1710182168','2024-04-17 07:49:09','2024-04-17 07:49:09',65),(534,'media/products/173361664_6_x.jpg','https://p1.liveauctioneers.com/3283/322390/173361664_6_x.jpg?&quality=80&version=1710182168','2024-04-17 07:49:09','2024-04-17 07:49:09',65),(535,'media/products/173361664_7_x.jpg','https://p1.liveauctioneers.com/3283/322390/173361664_7_x.jpg?&quality=80&version=1710182168','2024-04-17 07:49:09','2024-04-17 07:49:09',65),(536,'media/products/173361664_8_x.jpg','https://p1.liveauctioneers.com/3283/322390/173361664_8_x.jpg?&quality=80&version=1710182168','2024-04-17 07:49:09','2024-04-17 07:49:09',65),(537,'media/products/173361664_9_x.jpg','https://p1.liveauctioneers.com/3283/322390/173361664_9_x.jpg?&quality=80&version=1710182168','2024-04-17 07:49:09','2024-04-17 07:49:09',65),(538,'media/products/173361664_10_x.jpg','https://p1.liveauctioneers.com/3283/322390/173361664_10_x.jpg?&quality=80&version=1710182168','2024-04-17 07:49:09','2024-04-17 07:49:09',65),(539,'media/products/173361664_11_x.jpg','https://p1.liveauctioneers.com/3283/322390/173361664_11_x.jpg?&quality=80&version=1710182168','2024-04-17 07:49:09','2024-04-17 07:49:09',65),(540,'media/products/173361664_12_x.jpg','https://p1.liveauctioneers.com/3283/322390/173361664_12_x.jpg?&quality=80&version=1710182168','2024-04-17 07:49:09','2024-04-17 07:49:09',65),(541,'media/products/174545124_1_x.jpg','https://p1.liveauctioneers.com/6949/324313/174545124_1_x.jpg?&quality=80&version=1711574469','2024-04-17 07:49:09','2024-04-17 07:49:09',66),(542,'media/products/174545124_2_x.jpg','https://p1.liveauctioneers.com/6949/324313/174545124_2_x.jpg?&quality=80&version=1711574469','2024-04-17 07:49:09','2024-04-17 07:49:09',66),(543,'media/products/174545124_3_x.jpg','https://p1.liveauctioneers.com/6949/324313/174545124_3_x.jpg?&quality=80&version=1711574469','2024-04-17 07:49:09','2024-04-17 07:49:09',66),(544,'media/products/174545124_4_x.jpg','https://p1.liveauctioneers.com/6949/324313/174545124_4_x.jpg?&quality=80&version=1711574469','2024-04-17 07:49:09','2024-04-17 07:49:09',66),(545,'media/products/174545124_5_x.jpg','https://p1.liveauctioneers.com/6949/324313/174545124_5_x.jpg?&quality=80&version=1711574469','2024-04-17 07:49:09','2024-04-17 07:49:09',66),(546,'media/products/174545124_6_x.jpg','https://p1.liveauctioneers.com/6949/324313/174545124_6_x.jpg?&quality=80&version=1711574469','2024-04-17 07:49:09','2024-04-17 07:49:09',66),(547,'media/products/174545124_7_x.jpg','https://p1.liveauctioneers.com/6949/324313/174545124_7_x.jpg?&quality=80&version=1711574469','2024-04-17 07:49:09','2024-04-17 07:49:09',66),(548,'media/products/174545124_8_x.jpg','https://p1.liveauctioneers.com/6949/324313/174545124_8_x.jpg?&quality=80&version=1711574469','2024-04-17 07:49:09','2024-04-17 07:49:09',66),(549,'media/products/173630541_1_x.jpg','https://p1.liveauctioneers.com/654/322911/173630541_1_x.jpg?&quality=80&version=1710534637','2024-04-17 07:49:09','2024-04-17 07:49:09',67),(550,'media/products/173630541_2_x.jpg','https://p1.liveauctioneers.com/654/322911/173630541_2_x.jpg?&quality=80&version=1710534637','2024-04-17 07:49:09','2024-04-17 07:49:09',67),(551,'media/products/173630541_3_x.jpg','https://p1.liveauctioneers.com/654/322911/173630541_3_x.jpg?&quality=80&version=1710534637','2024-04-17 07:49:09','2024-04-17 07:49:09',67),(552,'media/products/173630541_4_x.jpg','https://p1.liveauctioneers.com/654/322911/173630541_4_x.jpg?&quality=80&version=1710534637','2024-04-17 07:49:09','2024-04-17 07:49:09',67),(553,'media/products/173221113_1_x.jpg','https://p1.liveauctioneers.com/7530/322182/173221113_1_x.jpg?&quality=80&version=1709928477','2024-04-17 07:49:09','2024-04-17 07:49:09',68),(554,'media/products/173221113_2_x.jpg','https://p1.liveauctioneers.com/7530/322182/173221113_2_x.jpg?&quality=80&version=1709928477','2024-04-17 07:49:09','2024-04-17 07:49:09',68),(555,'media/products/173221113_3_x.jpg','https://p1.liveauctioneers.com/7530/322182/173221113_3_x.jpg?&quality=80&version=1709928477','2024-04-17 07:49:09','2024-04-17 07:49:09',68),(556,'media/products/174243437_1_x.jpg','https://p1.liveauctioneers.com/5584/323776/174243437_1_x.jpg?&quality=80&version=1711486269','2024-04-17 07:49:09','2024-04-17 07:49:09',69),(557,'media/products/174243437_2_x.jpg','https://p1.liveauctioneers.com/5584/323776/174243437_2_x.jpg?&quality=80&version=1711486269','2024-04-17 07:49:09','2024-04-17 07:49:09',69),(558,'media/products/174243437_3_x.jpg','https://p1.liveauctioneers.com/5584/323776/174243437_3_x.jpg?&quality=80&version=1711486269','2024-04-17 07:49:09','2024-04-17 07:49:09',69),(559,'media/products/174243437_4_x.jpg','https://p1.liveauctioneers.com/5584/323776/174243437_4_x.jpg?&quality=80&version=1711486269','2024-04-17 07:49:09','2024-04-17 07:49:09',69),(560,'media/products/174243437_5_x.jpg','https://p1.liveauctioneers.com/5584/323776/174243437_5_x.jpg?&quality=80&version=1711486269','2024-04-17 07:49:09','2024-04-17 07:49:09',69),(561,'media/products/174243437_6_x.jpg','https://p1.liveauctioneers.com/5584/323776/174243437_6_x.jpg?&quality=80&version=1711486269','2024-04-17 07:49:09','2024-04-17 07:49:09',69),(562,'media/products/174243437_7_x.jpg','https://p1.liveauctioneers.com/5584/323776/174243437_7_x.jpg?&quality=80&version=1711486269','2024-04-17 07:49:09','2024-04-17 07:49:09',69),(563,'media/products/174243437_8_x.jpg','https://p1.liveauctioneers.com/5584/323776/174243437_8_x.jpg?&quality=80&version=1711486269','2024-04-17 07:49:09','2024-04-17 07:49:09',69),(564,'media/products/174243437_9_x.jpg','https://p1.liveauctioneers.com/5584/323776/174243437_9_x.jpg?&quality=80&version=1711486269','2024-04-17 07:49:09','2024-04-17 07:49:09',69),(565,'media/products/174243437_10_x.jpg','https://p1.liveauctioneers.com/5584/323776/174243437_10_x.jpg?&quality=80&version=1711486269','2024-04-17 07:49:09','2024-04-17 07:49:09',69),(566,'media/products/174243437_11_x.jpg','https://p1.liveauctioneers.com/5584/323776/174243437_11_x.jpg?&quality=80&version=1711486269','2024-04-17 07:49:09','2024-04-17 07:49:09',69),(567,'media/products/174243437_12_x.jpg','https://p1.liveauctioneers.com/5584/323776/174243437_12_x.jpg?&quality=80&version=1711486269','2024-04-17 07:49:09','2024-04-17 07:49:09',69),(568,'media/products/174243437_13_x.jpg','https://p1.liveauctioneers.com/5584/323776/174243437_13_x.jpg?&quality=80&version=1711486269','2024-04-17 07:49:09','2024-04-17 07:49:09',69),(569,'media/products/174243437_14_x.jpg','https://p1.liveauctioneers.com/5584/323776/174243437_14_x.jpg?&quality=80&version=1711486269','2024-04-17 07:49:09','2024-04-17 07:49:09',69),(570,'media/products/174243437_15_x.jpg','https://p1.liveauctioneers.com/5584/323776/174243437_15_x.jpg?&quality=80&version=1711486269','2024-04-17 07:49:09','2024-04-17 07:49:09',69),(571,'media/products/174243437_16_x.jpg','https://p1.liveauctioneers.com/5584/323776/174243437_16_x.jpg?&quality=80&version=1711486269','2024-04-17 07:49:09','2024-04-17 07:49:09',69),(572,'media/products/174243437_17_x.jpg','https://p1.liveauctioneers.com/5584/323776/174243437_17_x.jpg?&quality=80&version=1711486269','2024-04-17 07:49:09','2024-04-17 07:49:09',69),(573,'media/products/174243437_18_x.jpg','https://p1.liveauctioneers.com/5584/323776/174243437_18_x.jpg?&quality=80&version=1711486269','2024-04-17 07:49:09','2024-04-17 07:49:09',69),(574,'media/products/174243437_19_x.jpg','https://p1.liveauctioneers.com/5584/323776/174243437_19_x.jpg?&quality=80&version=1711486269','2024-04-17 07:49:09','2024-04-17 07:49:09',69),(575,'media/products/174243437_20_x.jpg','https://p1.liveauctioneers.com/5584/323776/174243437_20_x.jpg?&quality=80&version=1711486269','2024-04-17 07:49:09','2024-04-17 07:49:09',69),(576,'media/products/173898918_1_x.jpg','https://p1.liveauctioneers.com/5584/323330/173898918_1_x.jpg?&quality=80&version=1711486269','2024-04-17 07:49:09','2024-04-17 07:49:09',70),(577,'media/products/173898918_2_x.jpg','https://p1.liveauctioneers.com/5584/323330/173898918_2_x.jpg?&quality=80&version=1711486269','2024-04-17 07:49:09','2024-04-17 07:49:09',70),(578,'media/products/173898918_3_x.jpg','https://p1.liveauctioneers.com/5584/323330/173898918_3_x.jpg?&quality=80&version=1711486269','2024-04-17 07:49:09','2024-04-17 07:49:09',70),(579,'media/products/173898918_4_x.jpg','https://p1.liveauctioneers.com/5584/323330/173898918_4_x.jpg?&quality=80&version=1711486269','2024-04-17 07:49:09','2024-04-17 07:49:09',70),(580,'media/products/173898918_5_x.jpg','https://p1.liveauctioneers.com/5584/323330/173898918_5_x.jpg?&quality=80&version=1711486269','2024-04-17 07:49:09','2024-04-17 07:49:09',70),(581,'media/products/173898918_6_x.jpg','https://p1.liveauctioneers.com/5584/323330/173898918_6_x.jpg?&quality=80&version=1711486269','2024-04-17 07:49:09','2024-04-17 07:49:09',70),(582,'media/products/173898918_7_x.jpg','https://p1.liveauctioneers.com/5584/323330/173898918_7_x.jpg?&quality=80&version=1711486269','2024-04-17 07:49:09','2024-04-17 07:49:09',70),(583,'media/products/173898918_8_x.jpg','https://p1.liveauctioneers.com/5584/323330/173898918_8_x.jpg?&quality=80&version=1711486269','2024-04-17 07:49:09','2024-04-17 07:49:09',70),(584,'media/products/173898918_9_x.jpg','https://p1.liveauctioneers.com/5584/323330/173898918_9_x.jpg?&quality=80&version=1711486269','2024-04-17 07:49:09','2024-04-17 07:49:09',70),(585,'media/products/173898918_10_x.jpg','https://p1.liveauctioneers.com/5584/323330/173898918_10_x.jpg?&quality=80&version=1711486269','2024-04-17 07:49:09','2024-04-17 07:49:09',70),(586,'media/products/173898918_11_x.jpg','https://p1.liveauctioneers.com/5584/323330/173898918_11_x.jpg?&quality=80&version=1711486269','2024-04-17 07:49:09','2024-04-17 07:49:09',70),(587,'media/products/173898918_12_x.jpg','https://p1.liveauctioneers.com/5584/323330/173898918_12_x.jpg?&quality=80&version=1711486269','2024-04-17 07:49:09','2024-04-17 07:49:09',70),(588,'media/products/173898918_13_x.jpg','https://p1.liveauctioneers.com/5584/323330/173898918_13_x.jpg?&quality=80&version=1711486269','2024-04-17 07:49:09','2024-04-17 07:49:09',70),(589,'media/products/173898918_14_x.jpg','https://p1.liveauctioneers.com/5584/323330/173898918_14_x.jpg?&quality=80&version=1711486269','2024-04-17 07:49:09','2024-04-17 07:49:09',70),(590,'media/products/173898918_15_x.jpg','https://p1.liveauctioneers.com/5584/323330/173898918_15_x.jpg?&quality=80&version=1711486269','2024-04-17 07:49:09','2024-04-17 07:49:09',70),(591,'media/products/174242098_1_x.jpg','https://p1.liveauctioneers.com/5584/323773/174242098_1_x.jpg?&quality=80&version=1711486269','2024-04-17 07:49:09','2024-04-17 07:49:09',71),(592,'media/products/174242098_2_x.jpg','https://p1.liveauctioneers.com/5584/323773/174242098_2_x.jpg?&quality=80&version=1711486269','2024-04-17 07:49:09','2024-04-17 07:49:09',71),(593,'media/products/174242098_3_x.jpg','https://p1.liveauctioneers.com/5584/323773/174242098_3_x.jpg?&quality=80&version=1711486269','2024-04-17 07:49:09','2024-04-17 07:49:09',71),(594,'media/products/174242098_4_x.jpg','https://p1.liveauctioneers.com/5584/323773/174242098_4_x.jpg?&quality=80&version=1711486269','2024-04-17 07:49:09','2024-04-17 07:49:09',71),(595,'media/products/174242098_5_x.jpg','https://p1.liveauctioneers.com/5584/323773/174242098_5_x.jpg?&quality=80&version=1711486269','2024-04-17 07:49:09','2024-04-17 07:49:09',71),(596,'media/products/174242098_6_x.jpg','https://p1.liveauctioneers.com/5584/323773/174242098_6_x.jpg?&quality=80&version=1711486269','2024-04-17 07:49:09','2024-04-17 07:49:09',71),(597,'media/products/174242098_7_x.jpg','https://p1.liveauctioneers.com/5584/323773/174242098_7_x.jpg?&quality=80&version=1711486269','2024-04-17 07:49:09','2024-04-17 07:49:09',71),(598,'media/products/174242098_8_x.jpg','https://p1.liveauctioneers.com/5584/323773/174242098_8_x.jpg?&quality=80&version=1711486269','2024-04-17 07:49:09','2024-04-17 07:49:09',71);
/*!40000 ALTER TABLE `image` ENABLE KEYS */;
UNLOCK TABLES;

--
-- Table structure for table `inspection`
--

DROP TABLE IF EXISTS `inspection`;
/*!40101 SET @saved_cs_client     = @@character_set_client */;
/*!50503 SET character_set_client = utf8mb4 */;
CREATE TABLE `inspection` (
  `id` int NOT NULL AUTO_INCREMENT,
  `description` text,
  `status` enum('denied','inspected','inspectting','not inspect') NOT NULL DEFAULT 'not inspect',
  `createdAt` datetime NOT NULL,
  `updatedAt` datetime NOT NULL,
  `admin_id` int DEFAULT NULL,
  `product_id` int DEFAULT NULL,
  PRIMARY KEY (`id`),
  KEY `admin_id` (`admin_id`),
  KEY `product_id` (`product_id`),
  CONSTRAINT `inspection_ibfk_75` FOREIGN KEY (`admin_id`) REFERENCES `admin` (`id`) ON DELETE SET NULL ON UPDATE CASCADE,
  CONSTRAINT `inspection_ibfk_76` FOREIGN KEY (`product_id`) REFERENCES `product` (`id`) ON DELETE SET NULL ON UPDATE CASCADE
) ENGINE=InnoDB AUTO_INCREMENT=8 DEFAULT CHARSET=utf8mb4 COLLATE=utf8mb4_0900_ai_ci;
/*!40101 SET character_set_client = @saved_cs_client */;

--
-- Dumping data for table `inspection`
--

LOCK TABLES `inspection` WRITE;
/*!40000 ALTER TABLE `inspection` DISABLE KEYS */;
INSERT INTO `inspection` VALUES (3,'tesst','inspected','2024-04-17 00:55:32','2024-04-17 00:55:32',1,4),(4,'tesst','inspected','2024-04-17 01:00:44','2024-04-17 01:00:44',1,3),(5,'teacd','inspected','2024-04-22 22:43:31','2024-04-22 22:43:31',1,9),(6,'fasdfas','denied','2024-04-22 22:46:31','2024-04-22 22:46:49',1,27),(7,'abc','inspected','2024-04-22 23:58:01','2024-04-22 23:58:01',1,24);
/*!40000 ALTER TABLE `inspection` ENABLE KEYS */;
UNLOCK TABLES;

--
-- Table structure for table `location`
--

DROP TABLE IF EXISTS `location`;
/*!40101 SET @saved_cs_client     = @@character_set_client */;
/*!50503 SET character_set_client = utf8mb4 */;
CREATE TABLE `location` (
  `id` int NOT NULL AUTO_INCREMENT,
  `country` varchar(255) DEFAULT NULL,
  `address` varchar(255) DEFAULT NULL,
  `city` varchar(255) DEFAULT NULL,
  `state` varchar(255) DEFAULT NULL,
  `postal_code` varchar(255) DEFAULT NULL,
  `x` double NOT NULL DEFAULT '0',
  `y` double NOT NULL DEFAULT '0',
  `createdAt` datetime NOT NULL,
  `updatedAt` datetime NOT NULL,
  PRIMARY KEY (`id`)
) ENGINE=InnoDB AUTO_INCREMENT=16 DEFAULT CHARSET=utf8mb4 COLLATE=utf8mb4_0900_ai_ci;
/*!40101 SET character_set_client = @saved_cs_client */;

--
-- Dumping data for table `location`
--

LOCK TABLES `location` WRITE;
/*!40000 ALTER TABLE `location` DISABLE KEYS */;
INSERT INTO `location` VALUES (1,'Namibia','11162 Gomez Squares Suite 840','West Katherine','New Hampshire','76785',100.04204427460019,32.16979387487949,'2024-04-17 07:49:09','2024-04-17 07:49:09'),(2,'Egypt','527 Timothy Ways','Andreaburgh','Maryland','57701',12.918254755189793,21.451715942515534,'2024-04-17 07:49:09','2024-04-17 07:49:09'),(3,'Lao People\'s Democratic Republic','82332 Shawna Lights','Michellefort','Rhode Island','32604',173.4255347998061,44.205058489221045,'2024-04-17 07:49:09','2024-04-17 07:49:09'),(4,'Guam','07060 Daniel Glen','North Ashley','Tennessee','10995',-36.08516842581017,-12.90424042047053,'2024-04-17 07:49:09','2024-04-17 07:49:09'),(5,'Spain','3141 Sharp Haven','Thompsonbury','Kansas','93663',-31.90572173899534,-14.034623522275325,'2024-04-17 07:49:09','2024-04-17 07:49:09'),(6,'United States of America','71031 Leslie Forks','East Kennethfurt','Arkansas','53055',117.89967343461302,-34.32690008775749,'2024-04-17 07:49:09','2024-04-17 07:49:09'),(7,'Sri Lanka','7954 Perry Gateway','Anthonyfort','Louisiana','89907',-136.27391028874584,-89.73633728639284,'2024-04-17 07:49:09','2024-04-17 07:49:09'),(8,'Aruba','9254 Watkins Forges','Lake Andreahaven','Minnesota','61820',-136.93598257917148,27.212875330283197,'2024-04-17 07:49:09','2024-04-17 07:49:09'),(9,'Nigeria','21671 Morris Corner','Leeside','Vermont','89150',-96.705363813411,3.9373712523896245,'2024-04-17 07:49:09','2024-04-17 07:49:09'),(10,'Turks and Caicos Islands','95408 Karla Forks','West Kellyville','Alaska','42740',-165.04474733467325,9.128833519557617,'2024-04-17 07:49:09','2024-04-17 07:49:09'),(11,'United States of America','71031 Leslie Forks','East Kennethfurt','Arkansas','530',0,0,'2024-04-18 03:59:16','2024-04-18 03:59:16'),(12,'Vietnam','07060 Daniel Glen','B Ra - Vng Tu','Tennessee','10995',0,0,'2024-04-19 04:37:37','2024-04-19 04:37:37'),(13,'Greece','07060 Daniel Glen','Iona Nsia','Tennessee','10995',0,0,'2024-04-19 04:41:38','2024-04-19 04:41:38'),(14,'Albania','tesst','Dibr','tessst','1234324',0,0,'2024-04-22 22:14:17','2024-04-22 22:14:17'),(15,'American Samoa','tesst','Aunu\'u','tessst','1234324',0,0,'2024-04-22 22:18:29','2024-04-22 22:18:29');
/*!40000 ALTER TABLE `location` ENABLE KEYS */;
UNLOCK TABLES;

--
-- Table structure for table `love_product`
--

DROP TABLE IF EXISTS `love_product`;
/*!40101 SET @saved_cs_client     = @@character_set_client */;
/*!50503 SET character_set_client = utf8mb4 */;
CREATE TABLE `love_product` (
  `id` int NOT NULL AUTO_INCREMENT,
  `createdAt` datetime NOT NULL,
  `updatedAt` datetime NOT NULL,
  `product_id` int DEFAULT NULL,
  `user_id` int DEFAULT NULL,
  PRIMARY KEY (`id`),
  KEY `product_id` (`product_id`),
  KEY `user_id` (`user_id`),
  CONSTRAINT `love_product_ibfk_73` FOREIGN KEY (`product_id`) REFERENCES `product` (`id`) ON DELETE SET NULL ON UPDATE CASCADE,
  CONSTRAINT `love_product_ibfk_74` FOREIGN KEY (`user_id`) REFERENCES `user` (`id`) ON DELETE SET NULL ON UPDATE CASCADE
) ENGINE=InnoDB AUTO_INCREMENT=6 DEFAULT CHARSET=utf8mb4 COLLATE=utf8mb4_0900_ai_ci;
/*!40101 SET character_set_client = @saved_cs_client */;

--
-- Dumping data for table `love_product`
--

LOCK TABLES `love_product` WRITE;
/*!40000 ALTER TABLE `love_product` DISABLE KEYS */;
INSERT INTO `love_product` VALUES (1,'2024-04-18 01:35:54','2024-04-18 01:35:54',3,1),(3,'2024-04-21 16:43:51','2024-04-21 16:43:51',3,1),(5,'2024-04-22 23:53:57','2024-04-22 23:53:57',27,3);
/*!40000 ALTER TABLE `love_product` ENABLE KEYS */;
UNLOCK TABLES;

--
-- Table structure for table `message`
--

DROP TABLE IF EXISTS `message`;
/*!40101 SET @saved_cs_client     = @@character_set_client */;
/*!50503 SET character_set_client = utf8mb4 */;
CREATE TABLE `message` (
  `id` int NOT NULL AUTO_INCREMENT,
  `content` text NOT NULL,
  `createdAt` datetime NOT NULL,
  `updatedAt` datetime NOT NULL,
  `user_id` int DEFAULT NULL,
  `user_2_id` int DEFAULT NULL,
  PRIMARY KEY (`id`),
  KEY `user_id` (`user_id`),
  KEY `user_2_id` (`user_2_id`),
  CONSTRAINT `message_ibfk_1` FOREIGN KEY (`user_id`) REFERENCES `user` (`id`) ON DELETE SET NULL ON UPDATE CASCADE,
  CONSTRAINT `message_ibfk_2` FOREIGN KEY (`user_2_id`) REFERENCES `user` (`id`) ON DELETE SET NULL ON UPDATE CASCADE
) ENGINE=InnoDB AUTO_INCREMENT=2 DEFAULT CHARSET=utf8mb4 COLLATE=utf8mb4_0900_ai_ci;
/*!40101 SET character_set_client = @saved_cs_client */;

--
-- Dumping data for table `message`
--

LOCK TABLES `message` WRITE;
/*!40000 ALTER TABLE `message` DISABLE KEYS */;
INSERT INTO `message` VALUES (1,'abc tesst','2024-04-21 09:27:15','2024-04-21 09:27:15',1,7);
/*!40000 ALTER TABLE `message` ENABLE KEYS */;
UNLOCK TABLES;

--
-- Table structure for table `product`
--

DROP TABLE IF EXISTS `product`;
/*!40101 SET @saved_cs_client     = @@character_set_client */;
/*!50503 SET character_set_client = utf8mb4 */;
CREATE TABLE `product` (
  `id` int NOT NULL AUTO_INCREMENT,
  `title` varchar(255) NOT NULL,
  `description` text,
  `dimension` text,
  `provenance` text,
  `artist` varchar(255) NOT NULL DEFAULT 'UNK',
  `max_estimate` int DEFAULT NULL,
  `min_estimate` int DEFAULT NULL,
  `numerical_order` int NOT NULL DEFAULT '0',
  `auto_extend_time` int NOT NULL DEFAULT '10',
  `status` enum('not_yet_sold','on_sale','sold') NOT NULL DEFAULT 'not_yet_sold',
  `visibility` enum('public','private') NOT NULL DEFAULT 'public',
  `condition_report` text,
  `createdAt` datetime NOT NULL,
  `updatedAt` datetime NOT NULL,
  `seller_id` int DEFAULT NULL,
  `auction_id` int DEFAULT NULL,
  `inspect_id` int DEFAULT NULL,
  PRIMARY KEY (`id`),
  KEY `seller_id` (`seller_id`),
  KEY `auction_id` (`auction_id`),
  KEY `inspect_id` (`inspect_id`),
  CONSTRAINT `product_ibfk_115` FOREIGN KEY (`seller_id`) REFERENCES `seller` (`id`) ON DELETE SET NULL ON UPDATE CASCADE,
  CONSTRAINT `product_ibfk_116` FOREIGN KEY (`auction_id`) REFERENCES `auction` (`id`) ON DELETE SET NULL ON UPDATE CASCADE,
  CONSTRAINT `product_ibfk_117` FOREIGN KEY (`inspect_id`) REFERENCES `inspection` (`id`) ON DELETE SET NULL ON UPDATE CASCADE
) ENGINE=InnoDB AUTO_INCREMENT=72 DEFAULT CHARSET=utf8mb4 COLLATE=utf8mb4_0900_ai_ci;
/*!40101 SET character_set_client = @saved_cs_client */;

--
-- Dumping data for table `product`
--

LOCK TABLES `product` WRITE;
/*!40000 ALTER TABLE `product` DISABLE KEYS */;
INSERT INTO `product` VALUES (2,'Vintage Hard Edge Abstract Painting, Unsigned','Today over budget most play trade. Perhaps window civil reach not table. Role enough outside.\nIssue someone amount deal employee herself develop.',NULL,NULL,'Increase wall store build. Own personal yard agree situation value point.\nPressure capital account act. They relate relate detail ask. Analysis fast and.',1200,800,1,10,'sold','private',NULL,'2024-04-17 07:49:09','2024-04-17 07:49:09',6,NULL,NULL),(3,'WILLIAM C. SEITZ (1914-1974, American) \"Yellow Spring\", Princeton Professor','Far ask relationship behind. Level gas goal. Fall less really price. Morning simply owner gun stop arrive arrive.',NULL,NULL,'Dream statement war scene. Store wife trip resource series. History card know buy foreign perform.\nWhere father successful poor could few information. Maybe short ball red.',1200,800,2,10,'sold','public',NULL,'2024-04-17 07:49:09','2024-04-17 07:49:09',2,4,4),(4,'American Hunt Slonem Greenwing 1991 Oil On Canvas','Body form day open. Southern teacher apply few.\nIndustry security knowledge successful offer something. National safe customer receive.\nBillion set perhaps all worry level dinner.',NULL,NULL,'Campaign single all current suddenly explain democratic. Like fire way action. Medical letter machine chair.',50000,20000,3,10,'sold','private',NULL,'2024-04-17 07:49:09','2024-04-17 07:49:09',6,4,3),(5,'Wolf Kahn (American, 1927-2020) \'Runner Along The C and O Canal\' Oil on Canvas Painting','Important bag again direction. Away writer fine bad small health.\nDream economy much program wrong. Letter amount class huge. Fact certain trial cover have bank produce.',NULL,NULL,'Exactly explain finally piece doctor price guy coach. Choice money person number lawyer. Degree five ahead beautiful environment involve interest.',5000,2000,4,10,'not_yet_sold','private',NULL,'2024-04-17 07:49:09','2024-04-17 07:49:09',3,NULL,NULL),(6,'Kwame Akoto/Almighty God (Ghanaian, b. 1950) \"The Perfect Eye of God\"','Along word easy remain laugh start support stuff. Before sort authority buy.\nCoach effect personal modern would. Follow part ask everybody what smile.',NULL,NULL,'Weight husband environment sea question would. Attack design outside fact bar the huge.',1200,800,5,10,'not_yet_sold','private',NULL,'2024-04-17 07:49:09','2024-04-17 07:49:09',3,NULL,NULL),(7,'Mark BEARD: \"Boxer...\" - Oil Painting','Available difference room then five.\nEspecially thus care wonder source. Position spring tax.\nPersonal fill teach worker. Perform science director clear debate lead no.',NULL,NULL,'Parent about drop common half. Congress partner operation.\nMaybe information finish central program as last. Sometimes they perform. Research magazine share here road.',800,500,6,10,'not_yet_sold','private',NULL,'2024-04-17 07:49:09','2024-04-17 07:49:09',3,NULL,NULL),(8,'Minas AVETISYAN: Landscape - Oil Painting','So part require price able teach shake. Then by tax.\nUnit crime quality will middle generation these. Would finally thing happy live go wall. Chance training begin station use store amount.',NULL,NULL,'Ok place military support no service at. Song him cut in. Special industry relationship start community training enough.',12000,8000,7,10,'not_yet_sold','private',NULL,'2024-04-17 07:49:09','2024-04-17 07:49:09',3,NULL,NULL),(9,'Raquel Welch | Photographs From 1960s Photo Shoot','Short home smile you. Truth relationship various letter investment whom information. Example site American quickly generation.',NULL,NULL,'Agree pick leave interview section indicate. Range possible their pressure.\nPressure recent measure deal house. Beyond require a every house never if write.',200,100,8,10,'not_yet_sold','private',NULL,'2024-04-17 07:49:09','2024-04-22 22:43:31',2,NULL,5),(10,'Rare Important Philadephia Schuykill River Architectural Sketch Paul Philippe Cret Signed','Pretty week hospital provide series red beat glass. City begin idea significant present collection.',NULL,NULL,'Performance trouble send new part. No west gun three.\nWorld administration identify serve. Blood certainly final check simply free. National scientist thank detail wish yeah maintain.',10000,100,9,10,'not_yet_sold','private',NULL,'2024-04-17 07:49:09','2024-04-17 07:49:09',6,NULL,NULL),(11,'Cartier 1.50 Carat D VS1 GIA Diamond Platinum Ring','State should me push person. Believe discover early easy.\nAction color figure little protect. Eight lose arrive national practice.',NULL,NULL,'Management determine subject mention. Memory four set say lot.',49000,41000,1,10,'not_yet_sold','public',NULL,'2024-04-17 07:49:09','2024-04-17 07:49:09',5,NULL,NULL),(12,'07-01 A Black Sandalwood Box with a Jadeite Archer\'s Ring','Seek case large wife do use country. Poor one into what lose.\nEven page morning woman bed trade. Wear serve her rule add happen suffer.',NULL,NULL,'During card nor visit must military security. Us store have inside specific ten include use. Painting sport record follow.\nDoor decide fact.',1000,800,2,10,'not_yet_sold','private',NULL,'2024-04-17 07:49:09','2024-04-17 07:49:09',7,NULL,NULL),(13,'18k white gold diamond engagement ring mounting','Energy whom manage require attention hope wrong. Officer treat story year. Ask off early very he movie particularly machine. Smile place imagine because face approach class.',NULL,NULL,'Place control prepare near price fact. However green ok PM statement skin. Share environmental fight remain pattern former energy.',1000,800,3,10,'not_yet_sold','private',NULL,'2024-04-17 07:49:09','2024-04-17 07:49:09',3,NULL,NULL),(14,'GIA 14.59ct Fancy Grey-Green Yellow Diamond Solitaire 14k Gold Ladies Ring w/ Report','Very reality character course. Prove per bar myself outside choice.',NULL,NULL,'Them ball how bill one include. Ago follow movement guess how control. Turn imagine center today woman.\nRemain lawyer focus Mr low by.',20000,15000,4,10,'not_yet_sold','public',NULL,'2024-04-17 07:49:09','2024-04-17 07:49:09',4,4,NULL),(15,'Important Rare Patek Philippe Split Second Repeater Chronograph 18k Gold Pocket Watch Tryner Denver','Increase around cell strong. Strategy question performance. Experience major fish live.\nMedical capital reveal position size local. Really gun picture possible. Power various physical news.',NULL,NULL,'Sure artist son while cover. It listen environment loss might. Media nearly step arm site manager do.\nExperience participant thing pick fish. Travel weight forget wonder. Use me attorney eat.',150000,100000,5,10,'not_yet_sold','private',NULL,'2024-04-17 07:49:09','2024-04-17 07:49:09',1,NULL,NULL),(16,'1900s Japanese ceramic KOGO tea ceremony marked','Successful move huge research page choose. Two people camera statement public.',NULL,NULL,'Nothing PM fish. Charge its perform you.\nWithin important all. Especially another light wonder many hard short. Interest case build pattern series add material.',135,128,2,10,'not_yet_sold','private',NULL,'2024-04-17 07:49:09','2024-04-17 07:49:09',5,NULL,NULL),(17,'Tibetan Silver Overlaid Buddhist Kapala Human Skull','Population life my may morning onto building. Mind tree project board.\nHimself process water a side chair. Agreement modern table concern career catch.',NULL,NULL,'Agent measure could decision Mr new message. Indeed especially development someone. Phone house major brother then management economy.\nWhose magazine every win. Military moment parent serve.',2500,1500,3,10,'not_yet_sold','public',NULL,'2024-04-17 07:49:09','2024-04-17 07:49:09',3,NULL,NULL),(18,'A FANTASTIC CHINESE NECKLACE CARVED JADEITE AND ENAMEL','Next interesting rule pattern physical alone. However seem represent skin. Sport popular pay mission so quality record life.',NULL,NULL,'Paper south people protect. Agreement major candidate break daughter.\nYard place staff edge. Hot necessary protect cover brother.',3200,1600,5,10,'not_yet_sold','private',NULL,'2024-04-17 07:49:09','2024-04-17 07:49:09',5,NULL,NULL),(19,'Antique Japanese Samurai sword ~ Tachi Style Koshirae Featuring Family Mon','Age color difference glass per trouble exactly. Young three analysis see seem to despite.\nBusiness how evidence nothing form. Beyond them Democrat own.',NULL,NULL,'Your month write cultural it set natural. Cost recognize change none where fast. Hit save on least customer trip central.',2400,1800,4,10,'not_yet_sold','public',NULL,'2024-04-17 07:49:09','2024-04-17 07:49:09',7,NULL,NULL),(20,'A CARVED CELADON-GLAZED \'LANDSCAPE\' BRUSH POT, BITONG','Hospital talk include town guess use avoid drive. Along can add despite.\nImage travel investment point. Knowledge specific list page although behind. Newspaper likely state.',NULL,NULL,'Hair old soldier find hope ago history. Series window fight season. Thousand pull citizen voice surface follow young.',5000,2400,5,10,'not_yet_sold','public',NULL,'2024-04-17 07:49:09','2024-04-17 07:49:09',7,NULL,NULL),(21,'1970s Modernist 18k Gold Stitch Link Bracelet','Beautiful arm security tell claim house. Lose available nor study. Especially glass these vote concern affect.\nPoint economy allow that quickly rise road. Kind after around scene sometimes study.',NULL,NULL,'Challenge in financial attorney history human window. Weight everyone edge also trouble suggest. Newspaper position beyond heavy old win.',10000,7500,3,10,'not_yet_sold','public',NULL,'2024-04-17 07:49:09','2024-04-17 07:49:09',4,NULL,NULL),(22,'Vintage antique platinum diamond two row wedding band ring','Level best business land focus write sport.\nNetwork easy never young affect picture thing. Office cup computer word mission son.',NULL,NULL,'Industry pull born worker production think.\nNecessary science speak news send good remember. Threat better system society figure common loss.',1500,1100,3,10,'not_yet_sold','private',NULL,'2024-04-17 07:49:09','2024-04-18 02:43:24',1,NULL,NULL),(23,'Vintage 14 K white gold five diamond wedding band','Clearly week state size baby. Owner huge yet early participant rich.\nStage term direction. Movie late everyone offer.',NULL,NULL,'Figure also wife hope floor. Song not item including task. Over travel box media. Sign speak staff so figure.\nSign power wind right sit nor.',300,250,2,10,'not_yet_sold','private',NULL,'2024-04-17 07:49:09','2024-04-17 07:49:09',6,NULL,NULL),(24,'Necklace &amp; Earrings Diamond Exotic','Cup able majority same. Determine lay security commercial return level. Me here scene tend attention.',NULL,NULL,'Family left popular billion significant. Western air parent example also there. Forget down suffer medical.',137000,114000,3,10,'not_yet_sold','private',NULL,'2024-04-17 07:49:09','2024-04-22 23:58:01',3,NULL,7),(25,'PAIR ART DECO GREEN MOHAIR CLUB CHAIRS, C. 1930','Hear me many significant. Outside no find amount activity one popular. Trouble event any.\nProve plan allow read could step really. Require entire be bit truth.\nManager be somebody official.',NULL,NULL,'Make happy leave million hope include owner. Blood various wife hold event decade process.',3000,1500,2,10,'not_yet_sold','public',NULL,'2024-04-17 07:49:09','2024-04-17 07:49:09',8,NULL,NULL),(26,'Italian Mid-Century Modern Fontana Arte Oval Glass Mirror or Plateau or Tray','Smile current memory pressure. True exactly start billion. Kid talk poor positive responsibility.\nNone leader expert upon require. Here grow employee sea.',NULL,NULL,'Month southern only show break oil on official.\nResult popular world instead brother prove. Large single class girl clear focus agency. Phone action throw fund such rock.',18000,15000,5,10,'not_yet_sold','private',NULL,'2024-04-17 07:49:09','2024-04-17 07:49:09',8,NULL,NULL),(27,'19TH C. LOUIS XIV REVIVAL ONYX TOP LIBRARY TABLE','Employee close stand down provide. Sell play conference bit. Cause number wish.\nMachine issue detail sure standard degree soldier.',NULL,NULL,'Nature available capital impact. More point media ask. Bring structure show already full.\nSenior talk organization language go or. Forget admit thing candidate say laugh. Perform east rule true up.',5000,3000,2,10,'not_yet_sold','public',NULL,'2024-04-17 07:49:09','2024-04-22 23:30:30',2,NULL,NULL),(28,'Restoration Hardware Two Piece Sectional Sofa','Type despite cut. Yeah president simply say usually husband anyone. Son statement change somebody.\nAllow each financial artist. Summer south up energy appear order senior key.',NULL,NULL,'Between investment reality baby. Skill role choice story check almost.\nSense station word go similar. Source give pay stuff prepare blood. Challenge them miss such other up plan.',1200,800,3,10,'not_yet_sold','public',NULL,'2024-04-17 07:49:09','2024-04-17 07:49:09',7,NULL,NULL),(29,'Antique French Cerused Oak Hunt Cupboard','Thousand street according detail. Push more learn reach.\nSuccessful set throughout glass memory. Among his hit include method face.\nClose everything often blue. Executive down edge town girl similar.',NULL,NULL,'Upon organization somebody.\nHeart camera girl fight that rise. Technology strong ahead family such. Close small act mouth.',5000,500,4,10,'not_yet_sold','public',NULL,'2024-04-17 07:49:09','2024-04-17 07:49:09',6,NULL,NULL),(30,'GEORGE NAKASHIMA WALNUT COFFEE TABLE','Morning term from key practice. Bit bar painting impact letter have design. Attorney record list go detail name memory decision.',NULL,NULL,'Sister guy way resource theory man message. Deal stay professor city method whose particular sort. Design west middle culture state.\nTo computer government small blue. Who message reveal central.',8000,6000,5,10,'not_yet_sold','public',NULL,'2024-04-17 07:49:09','2024-04-17 07:49:09',5,NULL,NULL),(31,'Thierry Despont Art Deco-Style Chairs &amp; Ottoman','Quite series similar grow audience challenge listen. Area red resource research.',NULL,NULL,'Possible institution and east apply interview space. Heart such parent central. Should around finish lawyer this anything.',1200,800,4,10,'not_yet_sold','private',NULL,'2024-04-17 07:49:09','2024-04-17 07:49:09',7,NULL,NULL),(32,'Pair Loro Piana Upholstered Club Chairs','Travel leg rock. None detail air value increase fast trial. Special who truth pay management.\nFace must nation property impact election their. Upon radio event consider medical.',NULL,NULL,'Author stand suffer probably.\nAlready free trouble.\nRate officer sound personal forward. Agreement age piece writer partner happy past.\nDesign job research.',600,400,2,10,'not_yet_sold','public',NULL,'2024-04-17 07:49:09','2024-04-18 02:43:24',1,NULL,NULL),(33,'CHINA &amp; JAPAN showing Opium Wars battlefields &amp; dates. JOHNSTON 1913 old map','He else able any better. Build law friend attorney successful must. Entire American why.\nPartner little yourself price model. Radio effect party. Out enjoy them report.',NULL,NULL,'Color three remain fund local coach.\nHe truth Democrat style.\nSix push energy herself. No various young class board to. Medical suddenly avoid plant.',60,50,3,10,'not_yet_sold','private',NULL,'2024-04-17 07:49:09','2024-04-17 07:49:09',3,NULL,NULL),(34,'Old Master 15th - 16th C Penitent Mary Magdalene Skull Gold Halo Crucifix','Way father easy boy real school. Kid standard team herself else expert process history. Energy large fish police ago artist draw.',NULL,NULL,'Believe news suddenly as care clearly. Tell into offer left. Create free successful play white threat.\nSeries total treatment gas its various political happy. Anything tell approach.',100000,75000,5,10,'not_yet_sold','private',NULL,'2024-04-17 07:49:09','2024-04-17 07:49:09',3,NULL,NULL),(35,'Skull Meerschaum Pipe','Property many medical magazine price news national. Left present more process share.\nMarriage quite clearly. Soon mouth southern challenge option.',NULL,NULL,'Career continue word around century line. Whole soldier son top human owner easy. Trouble show away behind something purpose. Source live pressure medical language serious.',300,250,4,10,'not_yet_sold','public',NULL,'2024-04-17 07:49:09','2024-04-17 07:49:09',4,NULL,NULL),(36,'Bally Six Million Dollar Man Pinball Machine (Working)','Must peace agency policy eye method. Seat up develop themselves eye focus.\nPast whom miss trouble position discuss. Bag water real it process letter.',NULL,NULL,'Skill mind yet rate cup support nothing. Anything staff policy hand leader growth.\nNow through billion dark. Voice despite minute oil. Strong include pick almost.',100000,100,3,10,'not_yet_sold','private',NULL,'2024-04-17 07:49:09','2024-04-18 02:43:24',1,NULL,NULL),(37,'Large Porcelain Right Facing Pegasus','East teach at evening. Short heart prevent brother one.\nThough sort fine information letter body particular war. Sell still administration few which.',NULL,NULL,'Answer clearly they according. Course can produce admit. Hard finish decade house begin.',100000,100,4,10,'not_yet_sold','private',NULL,'2024-04-17 07:49:09','2024-04-17 07:49:09',1,NULL,NULL),(38,'A JADEITE AND ALOESWOOD ROSARY CHAOZHU','Environmental father concern forget relationship. That drug leave beat knowledge green bill.\nKid kitchen particularly now worker.',NULL,NULL,'Campaign rise some likely.\nCitizen letter develop modern language. Much thank national capital some also skin. Maybe available financial including past item.',10000,7000,4,10,'not_yet_sold','public',NULL,'2024-04-17 07:49:09','2024-04-17 07:49:09',1,NULL,NULL),(39,'Gen. William T. Sherman\'s Sword &amp; Trunk','Toward pull crime. Apply woman various second ever campaign.\nSell discover health trade party any. Design place several little put.',NULL,NULL,'Your deep seem yourself stuff receive. Country degree sell research. Station knowledge sing reason head. While floor game management under dark miss.',60000,40000,5,10,'not_yet_sold','public',NULL,'2024-04-17 07:49:09','2024-04-17 07:49:09',3,NULL,NULL),(40,'WILLIAMS BLACK KNIGHT PINBALL MACHINE (1980)','Offer family option institution place relate sea. Ago order difference page knowledge spend. Decade experience example small rule event laugh.',NULL,NULL,'Military modern it tree. Discuss face financial. Evening year now.\nProcess campaign material. Course education management network action. Quite Mrs production what generation.',1500,700,5,10,'not_yet_sold','public',NULL,'2024-04-17 07:49:09','2024-04-17 07:49:09',8,NULL,NULL),(41,'Drink Coca Cola Embossed Salesman Sample Cooler','Peace guy myself more. Seek able product minute stay. Guy particularly fish when visit nearly my.',NULL,NULL,'Board present table maintain. Boy include tell skin occur source so.\nLaw change investment election page audience. Rule against TV hair along age fast. Magazine data call citizen possible what.',100000,100,5,10,'not_yet_sold','private',NULL,'2024-04-17 07:49:09','2024-04-17 07:49:09',2,NULL,NULL),(42,'Water Witch James Fenimore Cooper Leather Stocking Edition Ltd Ed #478/1000 HC','Out item chance fish allow. Send through stuff throw. Image all conference increase course type show.\nEasy computer understand for. Clear man prepare next friend agency. Keep blood he this.',NULL,NULL,'Station mean can billion together throw edge court. Scene treat little town. Possible range politics president.',500,400,5,10,'not_yet_sold','private',NULL,'2024-04-17 07:49:09','2024-04-17 07:49:09',2,NULL,NULL),(43,'Georg Jensen Continental fish knife in sterling silver. Three pieces in stock.','Style training apply first letter. Gun become child treat.\nSource very raise summer east beat anyone. Leader manager medical plant.\nFirm face store add change claim. As travel lose let.',NULL,NULL,'Cold five herself bill small man four look. Population that member catch.\nAlways down decade technology behind really draw occur. Alone whom sea miss hotel dog couple.',250,200,2,10,'not_yet_sold','private',NULL,'2024-04-17 07:49:09','2024-04-17 07:49:09',8,NULL,NULL),(44,'Evald Nielsen number 6, teaspoon in silver. 7 spoons in stock.','Democratic different full single program course security central. Little give bring option reduce ball raise ground.',NULL,NULL,'She place car training smile over. Teach executive ten you.\nMind environment may professor respond will see.',80,70,3,10,'not_yet_sold','public',NULL,'2024-04-17 07:49:09','2024-04-17 07:49:09',1,NULL,NULL),(45,'1934 S PEACE SILVER DOLLAR $1 CHOICE XF+ EXTRA FINE PLUS (6834)','Goal much factor girl fight but common tend. Born wait else parent sort. Sport responsibility hit road almost mother road four.\nOver tree accept fall resource their.',NULL,NULL,'Sing fill accept authority strategy course recent. Reduce fall low become single wish table. Close dream arm dog property.',304,234,2,10,'not_yet_sold','private',NULL,'2024-04-17 07:49:09','2024-04-17 07:49:09',6,NULL,NULL),(46,'California Gold in Quartz Nugget from the Shasta Area [158905]','Close service song guess few. Trial into person health. Wind range particular foreign.',NULL,NULL,'Nice ahead challenge. Bar stock assume think. Rule station interview address station cup.\nOwner opportunity energy to natural top name.',22000,15000,5,10,'not_yet_sold','private',NULL,'2024-04-17 07:49:09','2024-04-17 07:49:09',1,NULL,NULL),(47,'1943 Mercury Dime MS66FB NGC (#PA253256001)','Tree college keep because. Health field performance policy matter interest bank new. Each perhaps again financial region agency mind structure.',NULL,NULL,'Thousand magazine war politics available people. Argue your no popular wait I such.\nOr learn decision job attention no everybody.',202,156,5,10,'not_yet_sold','private',NULL,'2024-04-17 07:49:09','2024-04-17 07:49:09',3,NULL,NULL),(48,'Antoninus Pius AD 138-161 ROMAN EMPIRE AR Denarius NGC VF30','Past name process interview. Weight president blood spring act medical notice great.',NULL,NULL,'Shoulder reach soon sit experience. Night generation to sure discuss newspaper industry.',270,208,4,10,'not_yet_sold','private',NULL,'2024-04-17 07:49:09','2024-04-17 07:49:09',5,NULL,NULL),(49,'Imperial China 1897\' Red Revenue stamp','Degree together lawyer tree garden. Gas seek positive. Science you special defense like than. Republican meeting pick anything sound.',NULL,NULL,'Bit mission happy hard thank. Challenge know article ten. Among line type beat store step Republican.',200000,60000,5,10,'not_yet_sold','private',NULL,'2024-04-17 07:49:09','2024-04-17 07:49:09',3,NULL,NULL),(50,'Indian Princess Head $3 Gold Piece 1855 [163145]','Wife stock account individual whose also worry. Why vote picture shake draw.\nHis guess along notice. Dinner health nice coach Mrs one say entire.',NULL,NULL,'Fish something visit person great. Billion owner open personal often process seven. Dinner work worry course stage stage call.',4000,2000,5,10,'not_yet_sold','public',NULL,'2024-04-17 07:49:09','2024-04-17 07:49:09',6,NULL,NULL),(51,'1878-S-Morgan Silver Dollar','House look case two. Firm but choose wrong.\nGo care mouth hundred arm. Two clear red thing she sister huge call.\nOther fall society hear husband however.\nSpace make sing politics second.',NULL,NULL,'Place space far. Possible successful again brother yes key. Early have toward want finally room.',3000,1500,4,10,'not_yet_sold','public',NULL,'2024-04-17 07:49:09','2024-04-17 07:49:09',8,NULL,NULL),(52,'19th century wood painted nautical diorama with sailboat','Fall between most see once cell sport. Leader see tonight in too peace.\nWestern ability bad figure cultural dog. Spend task effort challenge land.',NULL,NULL,'Ten a threat for organization summer. Since window read up tonight head make. Opportunity real if continue late fall specific.',800,600,2,10,'not_yet_sold','private',NULL,'2024-04-17 07:49:09','2024-04-17 07:49:09',8,NULL,NULL),(53,'Fine Bukhara Suzani','Foot represent score head. Account cover television along focus thank.\nSon until image past study same window. Sell none face condition drive.',NULL,NULL,'Material involve look along tough loss cut firm. Pay suddenly score article.\nManager military book guess. Old power party trouble development paper laugh. Road one pattern small nothing.',18000,14000,3,10,'not_yet_sold','private',NULL,'2024-04-17 07:49:09','2024-04-17 07:49:09',8,NULL,NULL),(54,'Early Dragon Soumak','Sister my save. Mr once home week little certain reveal.\nHundred really speech must officer try out. Smile fund significant appear the day. Performance fish final past investment.',NULL,NULL,'Guess respond summer former. Week agreement explain drop place into three standard.\nLittle pass Congress your site. Base its front politics every television since management.',30000,20000,4,10,'not_yet_sold','public',NULL,'2024-04-17 07:49:09','2024-04-17 07:49:09',3,NULL,NULL),(55,'1970\'s Tiffany Studios Bronze Reproduction Floor Lamp with large 22\" leaded glass shade. This is a','Rate yard increase former thousand quality. Dark or southern my long difference middle. Throw beautiful quality trade local.',NULL,NULL,'Herself manager speak economic. Usually as back yeah education college without various. Better always throughout down establish.',1200,800,3,10,'not_yet_sold','private',NULL,'2024-04-17 07:49:09','2024-04-17 07:49:09',8,NULL,NULL),(56,'Broom Corn by Tiffany &amp; Co Sterling Silver Flatware Set for 12 Service 49 pcs','Toward at worry home very. Buy send small year at several. Impact oil different likely arm example. Available against rule view.',NULL,NULL,'Have spring bar give control rate special upon. Type movie over firm bad.\nFactor perform art bring old avoid.',9176,7059,5,10,'not_yet_sold','private',NULL,'2024-04-17 07:49:09','2024-04-17 07:49:09',3,NULL,NULL),(57,'Vendome Arcantia Christofle Silverplate Flatware Set 12 Service 121 pcs Unused','Agency make perform before doctor option capital. Reveal least something stay way manager. Between number fire firm.\nIdea across various item. Coach hope night enjoy.',NULL,NULL,'Congress low drug book fear process kind. Process cause budget plant.\nImportant success improve reveal space. Dinner writer president PM. Stage media none chance maybe area likely.',12218,9399,3,10,'not_yet_sold','private',NULL,'2024-04-17 07:49:09','2024-04-17 07:49:09',1,NULL,NULL),(58,'Tiffany &amp; Co. French Mantel Clock','Allow through affect own land whose. Mean writer within spring. Success out of section hour.\nApply two culture few oil traditional sort worker. East choose line suffer record environmental put wall.',NULL,NULL,'Stay final enjoy work another. Beyond risk evening despite their. Its operation pressure decade be or offer.',1500,1000,5,10,'not_yet_sold','private',NULL,'2024-04-17 07:49:09','2024-04-17 07:49:09',5,NULL,NULL),(59,'Circa 1850\'s Figural 6 arm Gas chandelier / gasolier attributed to Cornelius &amp; Baker Philadelphia','View network a serious success simply. Personal price develop research.\nPerhaps side provide write. Body maintain leave air.',NULL,NULL,'Country movie similar car.\nNational other interesting whole class. Issue understand summer thus knowledge check. Authority science mouth person relate box.',5000,3000,2,10,'not_yet_sold','public',NULL,'2024-04-17 07:49:09','2024-04-17 07:49:09',2,NULL,NULL),(60,'Ansonia Teutonic Mantel Clock','Yard teach her available teach than chance.\nLaw community agent set ok easy public serious. Light discuss capital group top.',NULL,NULL,'Major range include choose. Cost should put chance degree course. Debate instead turn wide.',400,300,5,10,'not_yet_sold','public',NULL,'2024-04-17 07:49:09','2024-04-17 07:49:09',1,NULL,NULL),(61,'Pinwheel Kazak Rug','Pm success herself wall law general red certainly. Baby marriage federal become city head. Direction within order majority government.',NULL,NULL,'Action risk nature management.\nTell direction some. Least put seven.\nNumber set expect. Assume front parent laugh nothing.',30000,20000,5,10,'not_yet_sold','public',NULL,'2024-04-17 07:49:09','2024-04-17 07:49:09',6,NULL,NULL),(62,'Vintage KIKI HART Yellow and Green Sleeveless Maxi Dress w/ Belt','Might hour that southern. Fight wife run certain from. Central southern room them hear to could.\nDoor call process money agent. Me season out west opportunity necessary politics.',NULL,NULL,'Expert Democrat mouth outside. Ahead whole speech. Maintain girl gun today.\nWrite take which today.',700,550,5,10,'not_yet_sold','private',NULL,'2024-04-17 07:49:09','2024-04-17 07:49:09',4,NULL,NULL),(63,'Garavani Valentino Vintage Black Vinyl Handbag','Music network technology test dinner computer. Trade position respond small. Where full every general weight.',NULL,NULL,'General although newspaper reveal give let eye. Seem race less return firm. Evidence apply time particularly in page less. Act power accept poor leave seem lead.',400,200,3,10,'not_yet_sold','private',NULL,'2024-04-17 07:49:09','2024-04-17 07:49:09',8,NULL,NULL),(64,'Givenchy Floral Print Canvas Leather Tote Handbag','Push training name part official positive. Send approach she defense marriage relationship send.',NULL,NULL,'Child second first standard show enter. Father letter anything describe. Guy ahead bad.\nSomething ready water. Alone central star.',400,200,3,10,'not_yet_sold','public',NULL,'2024-04-17 07:49:09','2024-04-17 07:49:09',8,NULL,NULL),(65,'Fuchsia Quilted Silk Jacket w Bejeweled Buttons','Great country base account. Southern place yourself include father economic. Near discuss never citizen go need boy.\nWith citizen ground under real people score power.',NULL,NULL,'Here camera form off. Relate get door above recent. Mission while officer none claim during newspaper society.\nCatch hair know glass support high.\nNewspaper seven hot respond trial.',50,20,2,10,'not_yet_sold','private',NULL,'2024-04-17 07:49:09','2024-04-17 07:49:09',4,NULL,NULL),(66,'Kermit Oliver for Hermes, \"La Vie Sauvage du Texas\", Silk Scarf','Significant make will play half. Which world study soon brother debate. Painting country investment by or include. Easy know long card better TV.',NULL,NULL,'Money way tend avoid. Share black camera work gun.\nMaterial product television tell however section. Include total next here away other.\nOil whom box sort. Throw do especially.',4000,2000,4,10,'not_yet_sold','public',NULL,'2024-04-17 07:49:09','2024-04-17 07:49:09',6,NULL,NULL),(67,'Vanity Set, Eleven Piece, Cranberry Cut To Vaseline','President rise program medical enough this positive. Three above he wrong trouble indicate. Same at big nation participant person land.\nWorld sing decade risk. Than lead generation leave.',NULL,NULL,'Difficult company five successful across environment nature cover. Whose suddenly try attack. Nor quality be various college wish small.\nSet community allow down level. Entire quality half west.',2500,1000,3,10,'not_yet_sold','private',NULL,'2024-04-17 07:49:09','2024-04-17 07:49:09',2,NULL,NULL),(68,'ABP Cut Glass Perfume Basketweave 3 Color With Sterling Top','Development tough billion tax spring network.\nHouse rock wind bring chance effect school. Tonight majority feeling military result choose. Foot need position just yet good.',NULL,NULL,'Receive question institution skin. Right can condition program.\nScene information fish free nearly black laugh grow. Their area decade get maintain determine build cover.',2500,2000,2,10,'not_yet_sold','private',NULL,'2024-04-17 07:49:09','2024-04-17 07:49:09',3,NULL,NULL),(69,'Les Habitudes Cream Floral Maxi Gown Dress, Size Medium','Sign very process nation. Push rule really protect half option. Herself would friend walk computer relationship buy.\nSeason tough nothing mean.',NULL,NULL,'Oil compare compare strategy Mr this often wall. Cup assume show fall only role.\nCentury they future value despite action. Citizen paper various time. Young by dream protect majority rock record.',2500,2000,2,10,'not_yet_sold','public',NULL,'2024-04-17 07:49:09','2024-04-17 07:49:09',8,NULL,NULL),(70,'SAGA MAHOGANY BROWN MINK FUR COAT EU:L US:16','Market article suddenly individual our and community once. Wind notice sit seek such. Choose general cause later single peace.\nBill method chair soon. Century partner can teach physical.',NULL,NULL,'Can doctor off candidate give hospital. Where during participant past.',1500,1250,5,10,'not_yet_sold','private',NULL,'2024-04-17 07:49:09','2024-04-17 07:49:09',5,NULL,NULL),(71,'Vintage 1970s White Seersucker Caftan Maxi Dress Sz S M','Always current bad me find structure.\nAmong modern central right detail window fine. Oil consumer nature sign.\nThing with meeting statement. Fall it form range where her.',NULL,NULL,'Determine enter begin far. Office interesting wear arm up trade put risk.\nEveryone about throw high customer his life. Teacher century sit list anyone card.\nAnyone institution throw against.',110,90,5,10,'not_yet_sold','public',NULL,'2024-04-17 07:49:09','2024-04-17 07:49:09',1,NULL,NULL);
/*!40000 ALTER TABLE `product` ENABLE KEYS */;
UNLOCK TABLES;

--
-- Table structure for table `review`
--

DROP TABLE IF EXISTS `review`;
/*!40101 SET @saved_cs_client     = @@character_set_client */;
/*!50503 SET character_set_client = utf8mb4 */;
CREATE TABLE `review` (
  `id` int NOT NULL AUTO_INCREMENT,
  `star` double NOT NULL DEFAULT '0',
  `comment` text NOT NULL,
  `createdAt` datetime NOT NULL,
  `updatedAt` datetime NOT NULL,
  `seller_id` int DEFAULT NULL,
  `user_evaluate` int DEFAULT NULL,
  PRIMARY KEY (`id`),
  KEY `seller_id` (`seller_id`),
  KEY `user_evaluate` (`user_evaluate`),
  CONSTRAINT `review_ibfk_77` FOREIGN KEY (`seller_id`) REFERENCES `seller` (`id`) ON DELETE SET NULL ON UPDATE CASCADE,
  CONSTRAINT `review_ibfk_78` FOREIGN KEY (`user_evaluate`) REFERENCES `user` (`id`) ON DELETE SET NULL ON UPDATE CASCADE
) ENGINE=InnoDB AUTO_INCREMENT=2 DEFAULT CHARSET=utf8mb4 COLLATE=utf8mb4_0900_ai_ci;
/*!40101 SET character_set_client = @saved_cs_client */;

--
-- Dumping data for table `review`
--

LOCK TABLES `review` WRITE;
/*!40000 ALTER TABLE `review` DISABLE KEYS */;
INSERT INTO `review` VALUES (1,5,'test','2024-04-20 23:04:22','2024-04-22 22:02:16',2,1);
/*!40000 ALTER TABLE `review` ENABLE KEYS */;
UNLOCK TABLES;

--
-- Table structure for table `seller`
--

DROP TABLE IF EXISTS `seller`;
/*!40101 SET @saved_cs_client     = @@character_set_client */;
/*!50503 SET character_set_client = utf8mb4 */;
CREATE TABLE `seller` (
  `id` int NOT NULL AUTO_INCREMENT,
  `name` varchar(255) NOT NULL DEFAULT 'Seller',
  `email` varchar(255) NOT NULL,
  `desciption` text,
  `phone` varchar(255) DEFAULT NULL,
  `status` enum('accepted','processing','denied') NOT NULL DEFAULT 'processing',
  `createdAt` datetime NOT NULL,
  `updatedAt` datetime NOT NULL,
  `user_id` int DEFAULT NULL,
  `location_id` int DEFAULT NULL,
  `card_id` int DEFAULT NULL,
  PRIMARY KEY (`id`),
  KEY `user_id` (`user_id`),
  KEY `location_id` (`location_id`),
  KEY `card_id` (`card_id`),
  CONSTRAINT `seller_ibfk_84` FOREIGN KEY (`user_id`) REFERENCES `user` (`id`) ON DELETE SET NULL ON UPDATE CASCADE,
  CONSTRAINT `seller_ibfk_85` FOREIGN KEY (`location_id`) REFERENCES `location` (`id`) ON DELETE SET NULL ON UPDATE CASCADE,
  CONSTRAINT `seller_ibfk_86` FOREIGN KEY (`card_id`) REFERENCES `card` (`id`) ON DELETE SET NULL ON UPDATE CASCADE
) ENGINE=InnoDB AUTO_INCREMENT=9 DEFAULT CHARSET=utf8mb4 COLLATE=utf8mb4_0900_ai_ci;
/*!40101 SET character_set_client = @saved_cs_client */;

--
-- Dumping data for table `seller`
--

LOCK TABLES `seller` WRITE;
/*!40000 ALTER TABLE `seller` DISABLE KEYS */;
INSERT INTO `seller` VALUES (1,'Seller 2','test2@gmail.com','Image allow central amount carry modern establish whom. Standard radio how walk tree should home. Student guy off should size get writer.','426.592.1165','processing','2024-04-17 07:49:09','2024-04-17 07:49:09',2,4,NULL),(2,'Seller 3','test3@gmail.com','Our behind material up final. Dog rise kitchen much occur. Network everybody record sense work.\nRecently necessary billion Mrs.','341.565.7247x93126','processing','2024-04-17 07:49:09','2024-04-17 07:49:09',3,4,NULL),(3,'Seller 4','test4@gmail.com','Economy stay much short without customer push those. Front indeed common whatever. Although yourself name chance election build summer.','2043818828','processing','2024-04-17 07:49:09','2024-04-17 07:49:09',4,1,NULL),(4,'Seller 5','test5@gmail.com','Man particularly can lead because five without. Wrong tend positive return girl name style. Become to appear. Discussion watch man century himself.','001-507-905-5161x10892','processing','2024-04-17 07:49:09','2024-04-17 07:49:09',5,7,NULL),(5,'Seller 6','test6@gmail.com','Which throw American office how. Believe drug night become. Newspaper suffer mission let computer. Baby market draw medical likely create agreement.','+1-617-905-5605x8365','processing','2024-04-17 07:49:09','2024-04-17 07:49:09',6,4,NULL),(6,'Seller 7','test7@gmail.com','View past rock maybe population career lead. Professor open light government change music. Large morning manage until your foreign decade.','001-851-562-3401x156','processing','2024-04-17 07:49:09','2024-04-19 04:41:38',7,13,NULL),(7,'Seller 9','test9@gmail.com','Day way general stage the measure. Their argue of others mission sometimes notice.\nAudience quality fill apply goal skin. West tough past carry positive.','(604)384-2775x9690','processing','2024-04-17 07:49:09','2024-04-17 07:49:09',9,8,NULL),(8,'Seller 10','test10@gmail.com','Goal he like standard pattern. Return cut truth.\nSuggest time weight work. Sense stop become win per beautiful president.','+1-534-498-1035x611','processing','2024-04-17 07:49:09','2024-04-17 07:49:09',10,8,NULL);
/*!40000 ALTER TABLE `seller` ENABLE KEYS */;
UNLOCK TABLES;

--
-- Table structure for table `user`
--

DROP TABLE IF EXISTS `user`;
/*!40101 SET @saved_cs_client     = @@character_set_client */;
/*!50503 SET character_set_client = utf8mb4 */;
CREATE TABLE `user` (
  `id` int NOT NULL AUTO_INCREMENT,
  `first_name` varchar(255) NOT NULL,
  `last_name` varchar(255) NOT NULL,
  `user_name` varchar(255) NOT NULL,
  `password` varchar(255) NOT NULL,
  `email` varchar(255) NOT NULL,
  `coin` double NOT NULL DEFAULT '0',
  `phone` varchar(255) DEFAULT NULL,
  `avatar_path` varchar(255) DEFAULT NULL,
  `createdAt` datetime NOT NULL,
  `updatedAt` datetime NOT NULL,
  `location_id` int DEFAULT NULL,
  `seller_id` int DEFAULT NULL,
  `card_id` int DEFAULT NULL,
  PRIMARY KEY (`id`),
  KEY `location_id` (`location_id`),
  KEY `seller_id` (`seller_id`),
  KEY `card_id` (`card_id`),
  CONSTRAINT `user_ibfk_68` FOREIGN KEY (`location_id`) REFERENCES `location` (`id`) ON DELETE SET NULL ON UPDATE CASCADE,
  CONSTRAINT `user_ibfk_69` FOREIGN KEY (`seller_id`) REFERENCES `seller` (`id`) ON DELETE SET NULL ON UPDATE CASCADE,
  CONSTRAINT `user_ibfk_70` FOREIGN KEY (`card_id`) REFERENCES `card` (`id`) ON DELETE SET NULL ON UPDATE CASCADE
) ENGINE=InnoDB AUTO_INCREMENT=11 DEFAULT CHARSET=utf8mb4 COLLATE=utf8mb4_0900_ai_ci;
/*!40101 SET character_set_client = @saved_cs_client */;

--
-- Dumping data for table `user`
--

LOCK TABLES `user` WRITE;
/*!40000 ALTER TABLE `user` DISABLE KEYS */;
INSERT INTO `user` VALUES (1,'Steven','Moore','test1','$2b$10$ZsdANjcf3F1KuD65rPU.F.xkZIlJbWsU6P7hqlwWeIM6Dykv4APMO','test1@gmail.com',746.6574840562189,'(368)476-7626','http://res.cloudinary.com/dawdkcj51/image/upload/v1713825116/user_avatar/a8vtxdqavny88godppj9.png','2024-04-17 07:49:09','2024-04-22 22:31:56',15,NULL,NULL),(2,'Joseph','Clay','test2','$2b$10$ZsdANjcf3F1KuD65rPU.F.xkZIlJbWsU6P7hqlwWeIM6Dykv4APMO','test2@gmail.com',694.668872555603,'543-803-2010','avatar_2.jpg','2024-04-17 07:49:09','2024-04-17 07:49:09',3,1,NULL),(3,'Danielle','Kelly','test3','$2b$10$ZsdANjcf3F1KuD65rPU.F.xkZIlJbWsU6P7hqlwWeIM6Dykv4APMO','test3@gmail.com',486.3434647049635,'663-837-4194','http://res.cloudinary.com/dawdkcj51/image/upload/v1713412771/user_avatar/cer1v50vswa0na2xu3fc.jpg','2024-04-17 07:49:09','2024-04-18 03:59:32',11,2,NULL),(4,'Andrew','Saunders','test4','$2b$10$ZsdANjcf3F1KuD65rPU.F.xkZIlJbWsU6P7hqlwWeIM6Dykv4APMO','test4@gmail.com',406.9939843027649,'+1-967-472-2103x563','avatar_4.jpg','2024-04-17 07:49:09','2024-04-17 07:49:09',4,3,NULL),(5,'Nicole','Garza','test5','$2b$10$ZsdANjcf3F1KuD65rPU.F.xkZIlJbWsU6P7hqlwWeIM6Dykv4APMO','test5@gmail.com',206.93838109684648,'549.280.3526x9180','avatar_5.jpg','2024-04-17 07:49:09','2024-04-17 07:49:09',10,4,NULL),(6,'Paul','Barnes','test6','$2b$10$ZsdANjcf3F1KuD65rPU.F.xkZIlJbWsU6P7hqlwWeIM6Dykv4APMO','test6@gmail.com',3.3008658590014672,'502-843-0619x780','avatar_6.jpg','2024-04-17 07:49:09','2024-04-17 07:49:09',6,5,NULL),(7,'Juan','Flynn','test7','$2b$10$ZsdANjcf3F1KuD65rPU.F.xkZIlJbWsU6P7hqlwWeIM6Dykv4APMO','test7@gmail.com',644.096603472886,'001-625-733-6166','avatar_7.jpg','2024-04-17 07:49:09','2024-04-17 07:49:09',7,6,NULL),(8,'William','Short','test8','$2b$10$ZsdANjcf3F1KuD65rPU.F.xkZIlJbWsU6P7hqlwWeIM6Dykv4APMO','test8@gmail.com',227.51683988735638,'516-334-9075x3754','avatar_8.jpg','2024-04-17 07:49:09','2024-04-17 07:49:09',NULL,NULL,NULL),(9,'Dawn','Miller','test9','$2b$10$ZsdANjcf3F1KuD65rPU.F.xkZIlJbWsU6P7hqlwWeIM6Dykv4APMO','test9@gmail.com',679.1836745935716,'001-785-589-1958','avatar_9.jpg','2024-04-17 07:49:09','2024-04-17 07:49:09',6,7,NULL),(10,'John','Bullock','test10','$2b$10$ZsdANjcf3F1KuD65rPU.F.xkZIlJbWsU6P7hqlwWeIM6Dykv4APMO','test10@gmail.com',485.26981002673654,'+1-690-634-2099x499','avatar_10.jpg','2024-04-17 07:49:09','2024-04-17 07:49:09',9,8,NULL);
/*!40000 ALTER TABLE `user` ENABLE KEYS */;
UNLOCK TABLES;
/*!40103 SET TIME_ZONE=@OLD_TIME_ZONE */;

/*!40101 SET SQL_MODE=@OLD_SQL_MODE */;
/*!40014 SET FOREIGN_KEY_CHECKS=@OLD_FOREIGN_KEY_CHECKS */;
/*!40014 SET UNIQUE_CHECKS=@OLD_UNIQUE_CHECKS */;
/*!40101 SET CHARACTER_SET_CLIENT=@OLD_CHARACTER_SET_CLIENT */;
/*!40101 SET CHARACTER_SET_RESULTS=@OLD_CHARACTER_SET_RESULTS */;
/*!40101 SET COLLATION_CONNECTION=@OLD_COLLATION_CONNECTION */;
/*!40111 SET SQL_NOTES=@OLD_SQL_NOTES */;

-- Dump completed on 2024-04-23 13:10:45
